site_id,site_name,site_type,sector,primary_product,capacity_annual,capacity_annual_tonnes,technology,parent_company,developer,legal_basis,area_ha,category,province,grid_region_id,zone_classification,status,latitude,longitude,pvout_centroid,cf_centroid,pvout_best_50km,cf_best_50km,pvout_buildable_best_50km,buildable_area_ha,max_captive_capacity_mwp,buildability_constraint,resource_quality,dist_to_nearest_substation_km,nearest_substation_capacity_mva,siting_scenario,grid_integration_category,same_grid_region,line_connected,inter_substation_connected,inter_substation_dist_km,available_capacity_mva,capacity_assessment,within_boundary_coverage_pct,firm_solar_coverage_pct,nighttime_demand_mwh,storage_required_mwh,storage_gap_pct,project_viable,demand_mwh_2030,lcoe_low_usd_mwh,lcoe_mid_usd_mwh,lcoe_high_usd_mwh,lcoe_grid_connected_usd_mwh,lcoe_grid_connected_low_usd_mwh,lcoe_grid_connected_high_usd_mwh,connection_cost_per_kw,transmission_cost_per_kw,substation_upgrade_cost_per_kw,grid_investment_needed_usd,cf_used,is_cf_provisional,is_capex_provisional,lcoe_wind_mid_usd_mwh,lcoe_wind_allin_mid_usd_mwh,cf_wind,wind_speed_ms,best_re_technology,best_re_lcoe_mid_usd_mwh,re_competitive_gap_pct,dashboard_rate_usd_mwh,dashboard_rate_label,is_grid_cost_provisional,tariff_i3_usd_mwh,tariff_i4_usd_mwh,solar_competitive_gap_pct,solar_attractive,lcoe_mid_wacc8_usd_mwh,solar_competitive_gap_wacc8_pct,solar_now_at_wacc8,action_flag,solar_now,invest_transmission,invest_substation,invest_battery,grid_first,invest_resilience,plan_late,green_share_geas,pre2030_solar_mw,post2030_share,grid_upgrade_pre2030,ruptl_summary,grid_emission_factor_t_co2_mwh,carbon_breakeven_usd_tco2,clean_power_advantage,data_completeness
industropolis-batang,Industropolis Batang,kek,mixed,,,,,PT Kawasan Industri Terpadu Batang,PT Kawasan Industri Terpadu Batang,Government Regulation (PP) Number 12 of 2025,2886.87,Manufacturing,Central Java,JAVA_BALI,Industri dan Pariwisata,Active,-6.930301,109.9617023,1541.8,0.176,1583.7,0.1808,1560.4,768.9,512.6,land_cover,filtered,13.11,12.0,remote_captive,grid_first,True,True,True,21.65,4.2,red,0.12411694925043687,0.917,1239429.5,1424631.6,0.583,True,2124736.32,67.66,77.44,118.06,93.09,83.42,133.27,97.5,0.0,79.4,90678940.0,0.1762,False,False,499.14,94.68,0.05,3.01,solar,77.44,22.8,63.08,"I-4/TT LWBP, Permen ESDM No.7/2024",False,65.56,63.08,22.8,False,66.22,5.0,False,not_competitive,False,False,False,False,False,False,False,0.18016177224399174,1610,0.37207488299531977,True,1610 MW solar planned in JAVA_BALI by 2030,0.8,17.9,-22.8,complete
batam-tourism-and-international-healthcare,Batam Tourism and International Healthcare,kek,mixed,,,,,PT Karunia Praja Pesona,PT Karunia Praja Pesona,Government Regulation (PP) Number 39 of 2024,47.17,Service,Riau Islands,SUMATERA,Jasa lainnya,Active,1.1377283591127,103.92457856774,1325.0,0.1513,1360.7,0.1553,1342.8,1376.6,917.7,land_cover,filtered,5.85,30.0,remote_captive,invest_substation,True,False,True,25.68,10.5,red,0.0,79.418,22012.7,25301.9,0.583,True,37736.0,78.79,90.18,137.5,114.41,103.17,161.1,169.8,0.0,79.2,228507300.0,0.1513,True,False,274.56,162.9,0.0909,4.16,solar,90.18,43.0,63.08,"I-4/TT LWBP, Permen ESDM No.7/2024",False,65.56,63.08,43.0,False,77.12,22.3,False,not_competitive,False,False,False,False,False,False,False,0.146232616950494,660,0.589041095890411,True,660 MW solar planned in SUMATERA by 2030,0.77,35.2,-43.0,complete
bumi-serpong-damai,"Banten International Education, Technology, and Health",kek,mixed,,,,,PT Surya Inter Wisesa,PT Surya Inter Wisesa,Government Regulation No. 38 of 2024,59.68,Service,Banten,JAVA_BALI,Jasa lainnya,Active,-6.308799293523,106.65753024663,1325.0,0.1513,1472.8,0.1681,1457.1,1539.6,1026.4,kawasan_hutan,filtered,0.41,,remote_captive,invest_substation,True,False,True,39.96,,unknown,0.0,75.989,27850.7,32012.3,0.583,True,47744.0,78.79,90.18,137.5,95.58,85.22,138.6,125.3,0.0,0.0,128607920.0,0.1513,True,False,499.14,139.14,0.05,3.07,solar,90.18,43.0,63.08,"I-4/TT LWBP, Permen ESDM No.7/2024",False,65.56,63.08,43.0,False,77.12,22.3,False,not_competitive,False,False,False,False,False,False,False,0.18016177224399177,1610,0.37207488299531977,True,1610 MW solar planned in JAVA_BALI by 2030,0.8,33.9,-43.0,complete
setangga,Setangga,kek,mixed,,,,,PT Dua Samudera Perkasa,PT Dua Samudera Perkasa,Government Regulation Number 26 of 2024,,Manufacturing,South Kalimantan,KALIMANTAN,,Active,-3.2813775344249,116.07748257442,1337.7,0.1527,1419.5,0.162,1363.3,5069.0,3379.3,land_cover,filtered,10.99,2.5,remote_captive,grid_first,True,,True,,0.9,red,0.0,30.602,219452.6,252244.4,0.583,True,376204.5,78.05,89.33,136.19,110.18,99.11,156.17,139.6,0.0,80.0,742094280.0,0.1527,True,False,499.14,141.21,0.05,3.2,solar,89.33,41.6,63.08,"I-4/TT LWBP, Permen ESDM No.7/2024",False,65.56,63.08,41.6,False,76.39,21.1,False,not_competitive,False,False,False,False,False,False,False,0.19088681583722442,327,0.2997858672376874,True,327 MW solar planned in KALIMANTAN by 2030,1.16,22.6,-41.6,complete
tanjung-sauh,Tanjung Sauh,kek,mixed,,,,,PT BATAMRAYA SUKSES PERKASA,PT BATAMRAYA SUKSES PERKASA,Government Regulation Number 24 of 2024,,Manufacturing,Riau Islands,SUMATERA,,Active,1.0429294494269,104.17274106649,1311.8,0.1498,1383.0,0.1579,1351.6,9894.9,6596.6,land_cover,filtered,4.92,60.0,remote_captive,invest_substation,True,False,True,44.5,21.0,red,0.0,58.201,219452.6,252244.4,0.583,True,376204.5,79.59,91.09,138.88,119.28,108.11,165.66,234.6,0.0,79.8,2073971040.0,0.1497,True,False,238.6,124.78,0.1046,4.35,solar,91.09,44.4,63.08,"I-4/TT LWBP, Permen ESDM No.7/2024",False,65.56,63.08,44.4,False,77.9,23.5,False,not_competitive,False,False,False,False,False,False,False,0.146232616950494,660,0.589041095890411,True,660 MW solar planned in SUMATERA by 2030,0.77,36.4,-44.4,complete
kek-arun-lhokseumawe,Arun Lhokseumawe,kek,mixed,,,,,PT Patriot Nusantara Aceh,PT Patriot Nusantara Aceh,Government Regulation Number 5 of 2017,2622.48,Manufacturing,Aceh,SUMATERA,Industri,Active,5.2199197298726,97.080259039528,1414.7,0.1615,1452.0,0.1657,,0.0,0.0,kawasan_hutan,provisional (no buildability filter),1.12,60.0,within_boundary,within_boundary,False,,,,21.0,unknown,0.0,,,,,False,1730836.8,73.8,84.47,128.78,93.43,83.03,136.6,85.6,0.0,8.6,,0.1615,True,False,499.14,110.03,0.05,3.57,solar,84.47,33.9,63.08,"I-4/TT LWBP, Permen ESDM No.7/2024",False,65.56,63.08,33.9,False,72.23,14.5,False,no_solar_resource,False,False,False,False,False,False,False,0.146232616950494,660,0.589041095890411,True,660 MW solar planned in SUMATERA by 2030,0.77,27.8,-33.9,complete
kek-sanur,Sanur,kek,mixed,,,,,PT Hotel Indonesia Natour,PT Hotel Indonesia Natour,Government Regulation Number 41 of 2022,41.2599625886,Service,Bali,JAVA_BALI,Pariwisata,Active,-8.6942352931407,115.26295962249,1672.4,0.1909,1712.9,0.1955,1618.4,850.7,567.1,kawasan_hutan,filtered,2.42,210.0,remote_captive,invest_substation,True,False,True,44.6,73.5,red,0.0,112.11,12130.4,13943.0,0.583,True,20795.0211446544,62.43,71.45,108.94,99.92,90.6,138.66,247.5,0.0,71.2,180734770.0,0.1909,True,False,499.14,97.58,0.05,3.36,solar,71.45,13.3,63.08,"I-4/TT LWBP, Permen ESDM No.7/2024",False,65.56,63.08,13.3,False,61.1,-3.1,True,not_competitive,False,False,False,False,False,False,False,0.18016177224399174,1610,0.37207488299531977,True,1610 MW solar planned in JAVA_BALI by 2030,0.8,10.5,-13.3,complete
kek-kendal,Kendal,kek,mixed,,,,,PT Kawasan Industri Kendal,PT Kawasan Industri Kendal,PP no 85 2019,1000.0,Manufacturing,Central Java,JAVA_BALI,Industri,Active,-6.9355648813555,110.24833446931,1562.6,0.1784,1583.7,0.1808,1561.1,1196.0,797.3,land_cover,filtered,3.1,12.0,remote_captive,grid_first,True,,True,,4.2,red,0.13458574242424243,4.592,385000.0,442528.7,0.583,True,660000.0,66.88,76.54,116.7,93.19,83.53,133.35,99.2,0.0,79.6,142557240.0,0.1782,False,False,499.14,94.76,0.05,3.49,solar,76.54,21.3,63.08,"I-4/TT LWBP, Permen ESDM No.7/2024",False,65.56,63.08,21.3,False,65.46,3.8,False,not_competitive,False,False,False,False,False,False,False,0.18016177224399177,1610,0.37207488299531977,True,1610 MW solar planned in JAVA_BALI by 2030,0.8,16.8,-21.3,complete
kek-sorong,Sorong,kek,mixed,,,,,PT Malamoi Olom Wobok,PT Malamoi Olom Wobok,Government Regulation Number 31 of 2016,523.7,Manufacturing,West Papua,PAPUA,Industri,Active,-1.0292733746334,131.24345068184,1403.1,0.1602,1531.9,0.1749,,0.0,0.0,kawasan_hutan,provisional (no buildability filter),1.07,,remote_captive,invest_substation,False,,,,,unknown,0.0,,,,,False,345642.00000000006,74.41,85.16,129.84,87.88,78.03,128.81,85.3,0.0,0.0,,0.1602,True,False,499.14,112.91,0.05,3.38,solar,85.16,35.0,63.08,"I-4/TT LWBP, Permen ESDM No.7/2024",False,65.56,63.08,35.0,False,72.83,15.5,False,no_solar_resource,False,False,False,False,False,False,False,0.0,0,0.0,False,0 MW solar planned in PAPUA by 2030,0.56,39.4,-35.0,complete
kek-singhasari,Singhasari,kek,mixed,,,,,PT Intelegensia Grahatama,PT Intelegensia Grahatama,PP 68 Tahun 2019,120.3,Service,East Java,JAVA_BALI,Pariwisata,Active,-7.5151962757576,112.7434025685,1624.2,0.1854,1694.0,0.1934,1693.6,4863.1,3242.1,land_cover,filtered,5.14,40.0,remote_captive,invest_substation,True,False,True,38.48,14.0,red,0.0,217.398,35368.2,40653.1,0.583,True,60631.2,64.28,73.57,112.17,86.0,77.09,123.02,100.6,0.0,79.7,584550630.0,0.1854,True,False,499.14,127.66,0.05,3.16,solar,73.57,16.6,63.08,"I-4/TT LWBP, Permen ESDM No.7/2024",False,65.56,63.08,16.6,False,62.92,-0.3,True,not_competitive,False,False,False,False,False,False,False,0.18016177224399174,1610,0.37207488299531977,True,1610 MW solar planned in JAVA_BALI by 2030,0.8,13.1,-16.6,complete
kek-morotai,Morotai,kek,mixed,,,,,Jababeka Group,Jababeka Group,Government Regulation no. 50 of 2014,1101.76,Service,North Maluku,MALUKU,Pariwisata,Active,2.3750901219475,128.41811690865,1310.3,0.1496,1572.4,0.1795,,0.0,0.0,land_cover,provisional (no buildability filter),213.96,120.0,remote_captive,grid_first,False,,,,42.0,unknown,0.0,,,,,False,555287.04,79.68,91.2,139.04,164.21,154.61,204.08,1149.8,0.0,0.0,,0.1496,True,False,499.14,179.09,0.05,3.04,solar,91.2,44.6,63.08,"I-4/TT LWBP, Permen ESDM No.7/2024",False,65.56,63.08,44.6,False,77.99,23.6,False,no_solar_resource,False,False,False,False,False,False,False,0.0,0,0.0,False,0 MW solar planned in MALUKU by 2030,0.6,46.9,-44.6,complete
kek-gresik,Gresik,kek,mixed,,,,,PT Berkah Kawasan Manyar Sejahtera,PT Berkah Kawasan Manyar Sejahtera,Peraturan Pemerintah nomor 71 tahun 2021,2167.0,Manufacturing,East Java,JAVA_BALI,Industri,Active,-7.0854668845705,112.60680989557,1546.5,0.1765,1635.6,0.1867,1612.2,4270.0,2846.7,land_cover,filtered,2.6,330.0,remote_captive,invest_substation,True,False,True,48.09,115.5,red,0.18388628322915357,7.813,834295.0,958959.8,0.583,True,1430220.0,67.8,77.6,118.32,88.91,79.55,127.8,83.2,0.0,77.2,456610680.0,0.1758,False,False,303.99,177.18,0.0821,4.03,solar,77.6,23.0,63.08,"I-4/TT LWBP, Permen ESDM No.7/2024",False,65.56,63.08,23.0,False,66.36,5.2,False,not_competitive,False,False,False,False,False,False,False,0.18016177224399174,1610,0.37207488299531977,True,1610 MW solar planned in JAVA_BALI by 2030,0.8,18.1,-23.0,complete
kek-likupang,Likupang,kek,mixed,,,,,PT Minahasa Permai Resort Development,PT Minahasa Permai Resort Development,PP 84 tahun 2019,197.4,Service,North Sulawesi,SULAWESI,Pariwisata,Active,1.680721711081,125.15739596932,1580.8,0.1805,1618.8,0.1848,,0.0,0.0,land_cover,provisional (no buildability filter),7.43,,remote_captive,invest_substation,False,,,,,unknown,0.0,,,,,False,99489.6,66.04,75.59,115.25,85.44,76.12,124.17,117.2,0.0,0.0,,0.1805,True,False,287.53,71.53,0.0868,4.1,solar,75.59,19.8,63.08,"I-4/TT LWBP, Permen ESDM No.7/2024",False,65.56,63.08,19.8,False,64.64,2.5,False,no_solar_resource,False,False,False,False,False,False,False,0.0646774939535543,206,0.4938574938574939,True,206 MW solar planned in SULAWESI by 2030,0.63,19.9,-19.8,complete
kek-bitung,Bitung,kek,mixed,,,,,PT Membangun Sulut Hebat (MSH),PT Membangun Sulut Hebat (MSH),Government Regulation Number 32 of 2014,534.0,Manufacturing,North Sulawesi,SULAWESI,Industri,Active,1.4243289186209,125.10987982233,1504.9,0.1718,1618.8,0.1848,,0.0,0.0,kawasan_hutan,provisional (no buildability filter),1.71,90.0,within_boundary,within_boundary,False,,,,31.5,unknown,0.0,,,,,False,352440.0,69.37,79.4,121.06,83.39,74.07,122.12,88.5,0.0,0.0,,0.1718,True,False,499.14,70.6,0.05,3.0,solar,79.4,25.9,63.08,"I-4/TT LWBP, Permen ESDM No.7/2024",False,65.56,63.08,25.9,False,67.9,7.6,False,no_solar_resource,False,False,False,False,False,False,False,0.0646774939535543,206,0.4938574938574939,True,206 MW solar planned in SULAWESI by 2030,0.63,25.9,-25.9,complete
kek-palu,Palu,kek,mixed,,,,,PT Bangun Palu Sulawesi Tengah,PT Bangun Palu Sulawesi Tengah,Government Regulation Number 31 of 2014,1500.0,Manufacturing,Central Sulawesi,SULAWESI,Industri,Active,-0.71188721731303,119.8703393558,1451.6,0.1657,1541.0,0.1759,1517.7,13165.6,8777.1,land_cover,filtered,17.38,90.0,remote_captive,invest_substation,True,False,True,33.66,31.5,red,0.0,32.789,577500.0,663793.1,0.583,True,990000.0,71.92,82.32,125.51,100.71,90.77,142.02,162.6,0.0,79.8,2127569040.0,0.1657,True,False,,121.89,0.0,2.66,solar,82.32,30.5,63.08,"I-4/TT LWBP, Permen ESDM No.7/2024",False,65.56,63.08,30.5,False,70.4,11.6,False,not_competitive,False,False,False,False,False,False,False,0.0646774939535543,206,0.4938574938574939,True,206 MW solar planned in SULAWESI by 2030,0.63,30.5,-30.5,complete
kek-kura-kura,Kura Kura Bali,kek,mixed,,,,,PT Bali Turtle Island Development,PT Bali Turtle Island Development,PP No 23 Tahun 2023,498.0,Service,Bali,JAVA_BALI,Pariwisata,Active,-8.7312613066451,115.23086607725,1684.5,0.1923,1712.9,0.1955,1614.8,850.6,567.1,land_cover,filtered,2.58,,remote_captive,invest_substation,True,False,True,22.07,,unknown,0.0,9.288,146412.0,168289.7,0.583,True,250992.0,61.98,70.94,108.15,97.16,87.81,135.98,277.1,0.0,0.0,157143410.0,0.1923,True,False,428.82,98.83,0.0582,3.73,solar,70.94,12.5,63.08,"I-4/TT LWBP, Permen ESDM No.7/2024",False,65.56,63.08,12.5,False,60.66,-3.8,True,not_competitive,False,False,False,False,False,False,False,0.1801617722439917,1610,0.37207488299531977,True,1610 MW solar planned in JAVA_BALI by 2030,0.8,9.8,-12.5,complete
kek-galang-batang,Galang Batang,kek,mixed,,,,,PT GBKEK Industri Pengolahan,PT GBKEK Industri Pengolahan,PP 42 tahun 2017,2333.6,Processing,Riau Islands,SUMATERA,Industri,Active,0.91112087616108,104.65970479459,1326.0,0.1514,1418.4,0.1619,1351.6,13423.1,8948.7,land_cover,filtered,16.45,60.0,remote_captive,invest_substation,True,,True,,21.0,red,0.7839142409698632,19.779,898436.0,1032685.1,0.583,True,1540176.0,79.36,90.83,138.49,119.38,108.21,165.76,235.8,0.0,79.8,2824209720.0,0.1502,False,False,236.34,124.84,0.1056,4.37,solar,90.83,44.0,63.08,"I-4/TT LWBP, Permen ESDM No.7/2024",False,65.56,63.08,44.0,False,77.68,23.1,False,not_competitive,False,False,False,False,False,False,False,0.146232616950494,660,0.589041095890411,True,660 MW solar planned in SUMATERA by 2030,0.77,36.0,-44.0,complete
kek-maloy-batuta,Maloy Batuta Trans Kalimantan,kek,mixed,,,,,PT Maloy Batuta Trans Kalimantan,PT Maloy Batuta Trans Kalimantan,PP No 85 Tahun 2014,557.34,Manufacturing,East Kalimantan,KALIMANTAN,Industri,Active,0.81659915671314,117.93022440699,1362.9,0.1556,1422.8,0.1624,1388.1,8776.9,5851.3,land_cover,filtered,55.64,60.0,remote_captive,invest_substation,True,,True,,21.0,red,0.0,54.318,214575.9,246639.0,0.583,True,367844.4,76.6,87.68,133.67,128.76,117.89,173.93,385.6,0.0,79.8,2723195020.0,0.1556,True,False,499.14,150.41,0.05,3.32,solar,87.68,39.0,63.08,"I-4/TT LWBP, Permen ESDM No.7/2024",False,65.56,63.08,39.0,False,74.98,18.9,False,not_competitive,False,False,False,False,False,False,False,0.19088681583722442,327,0.2997858672376874,True,327 MW solar planned in KALIMANTAN by 2030,1.16,21.2,-39.0,complete
kek-nongsa,Nongsa,kek,mixed,,,,,PT Taman Resor Internet,PT Taman Resor Internet,PP no 68 Tahun 2021,166.45,Service,Riau Islands,SUMATERA,Pariwisata,Active,1.191175886339,104.09214803974,1319.8,0.1507,1381.2,0.1577,1342.8,2581.1,1720.7,land_cover,filtered,3.35,3.0,remote_captive,grid_first,True,False,True,11.77,1.0,red,0.0,67.992,48936.3,56248.6,0.583,True,83890.79999999999,79.1,90.54,138.04,114.47,103.23,161.16,169.8,0.0,80.0,429830860.0,0.1507,True,False,274.86,121.26,0.0908,4.15,solar,90.54,43.5,63.08,"I-4/TT LWBP, Permen ESDM No.7/2024",False,65.56,63.08,43.5,False,77.43,22.7,False,not_competitive,False,False,False,False,False,False,False,0.146232616950494,660,0.589041095890411,True,660 MW solar planned in SUMATERA by 2030,0.77,35.7,-43.5,complete
kek-mandalika,Mandalika,kek,mixed,,,,,PT Pengembangan Pariwisata Indonesia,PT Pengembangan Pariwisata Indonesia,PP No 52 Tahun 2014,1035.67,Service,West Nusa Tenggara,NTB,Pariwisata,Active,-8.8963124944653,116.29090641579,1652.7,0.1887,1730.5,0.1975,,0.0,0.0,kawasan_hutan,provisional (no buildability filter),1.81,30.0,remote_captive,invest_substation,False,,,,10.5,unknown,0.0,,,,,False,521977.68000000005,63.17,72.3,110.23,81.02,72.29,117.24,89.0,0.0,44.3,,0.1887,True,False,252.86,79.4,0.0987,4.27,solar,72.3,14.6,63.08,"I-4/TT LWBP, Permen ESDM No.7/2024",False,65.56,63.08,14.6,False,61.83,-2.0,True,no_solar_resource,False,False,False,False,False,False,False,0.0,0,0.0,False,0 MW solar planned in NTB by 2030,1.27,7.3,-14.6,complete
kek-batam-aero-technic,Batam Aero Technic,kek,mixed,,,,,PT Batam Teknik (BAT),PT Batam Teknik (BAT),PP No 67 tahun 2021,30.0,Manufacturing,Riau Islands,SUMATERA,Industri,Active,1.1393365211312,104.12432224421,1329.7,0.1518,1387.0,0.1583,1342.8,3527.6,2351.7,land_cover,filtered,3.96,,remote_captive,invest_substation,True,False,True,11.74,,unknown,0.0,395.371,11550.0,13275.9,0.583,True,19800.0,78.51,89.86,137.01,107.53,96.29,154.22,169.5,0.0,0.0,398613150.0,0.1518,True,False,257.29,121.25,0.097,4.24,solar,89.86,42.5,63.08,"I-4/TT LWBP, Permen ESDM No.7/2024",False,65.56,63.08,42.5,False,76.85,21.8,False,not_competitive,False,False,False,False,False,False,False,0.146232616950494,660,0.589041095890411,True,660 MW solar planned in SUMATERA by 2030,0.77,34.8,-42.5,complete
kek-tanjung-kelayang,Tanjung Kelayang,kek,mixed,,,,,Badan Usaha Pembangun dan Pengelola (BUPP) KEK Tanjung Kelayang,Badan Usaha Pembangun dan Pengelola (BUPP) KEK Tanjung Kelayang,PP No 6 Tahun 2016,324.4,Service,Bangka Belitung Islands,SUMATERA,Pariwisata,Active,-2.5711927695212,107.65499155301,1296.1,0.148,1407.8,0.1607,1310.7,4556.4,3037.6,land_cover,filtered,22.42,30.0,remote_captive,invest_substation,True,,True,,10.5,red,0.0,62.773,95373.6,109624.8,0.583,True,163497.59999999998,80.55,92.19,140.56,130.47,118.95,178.3,318.9,0.0,79.8,1211091120.0,0.148,True,False,296.4,133.52,0.0842,4.06,solar,92.19,46.1,63.08,"I-4/TT LWBP, Permen ESDM No.7/2024",False,65.56,63.08,46.1,False,78.84,25.0,False,not_competitive,False,False,False,False,False,False,False,0.14623261695049397,660,0.589041095890411,True,660 MW solar planned in SUMATERA by 2030,0.77,37.8,-46.1,complete
kek-lido,Lido,kek,mixed,,,,,PT MNCLand Lido,PT MNCLand Lido,PP no 69 tahun 2021,1040.0,Service,West Java,JAVA_BALI,Pariwisata,Active,-6.7536528309529,106.81210085326,1301.6,0.1486,1462.6,0.167,1416.6,2820.2,1880.1,land_cover,filtered,11.36,,remote_captive,invest_substation,True,False,True,45.71,,unknown,0.4233374542124543,12.591,305760.0,351448.3,0.583,True,524160.0,80.41,92.03,140.31,98.64,87.99,142.9,129.4,0.0,0.0,243284940.0,0.1482,False,False,420.15,102.58,0.0594,3.74,solar,92.03,45.9,63.08,"I-4/TT LWBP, Permen ESDM No.7/2024",False,65.56,63.08,45.9,False,78.7,24.8,False,not_competitive,False,False,False,False,False,False,False,0.18016177224399174,1610,0.37207488299531977,True,1610 MW solar planned in JAVA_BALI by 2030,0.8,36.2,-45.9,complete
kek-tanjung-lesung,Tanjung Lesung,kek,mixed,,,,,PT Banten West Java Tourism Development,PT Banten West Java Tourism Development,KEK Tanjung Lesung,1500.0,Service,Banten,JAVA_BALI,Pariwisata,Active,-6.4817887185833,105.65248380886,1380.4,0.1576,1472.0,0.168,,0.0,0.0,kawasan_hutan,provisional (no buildability filter),9.06,120.0,remote_captive,invest_substation,False,,,,42.0,unknown,0.0,,,,,False,756000.0,75.63,86.56,131.98,94.61,84.36,137.2,125.3,0.0,0.0,,0.1576,True,False,151.9,69.95,0.1643,5.2,solar,86.56,37.2,63.08,"I-4/TT LWBP, Permen ESDM No.7/2024",False,65.56,63.08,37.2,False,74.03,17.4,False,no_solar_resource,False,False,False,False,False,False,False,0.18016177224399174,1610,0.37207488299531977,True,1610 MW solar planned in JAVA_BALI by 2030,0.8,29.4,-37.2,complete
kek-sei-mangkei,Sei Mangkei,kek,mixed,,,,,PT. Perkebunan Nusantara III,PT. Perkebunan Nusantara III,PP No 29 Tahun 2012,2002.77,Processing,North Sumatra,SUMATERA,Industri,Active,3.1324879221829,99.340577853012,1323.5,0.1511,1381.5,0.1577,1365.5,85.9,57.3,kawasan_hutan,filtered,26.85,120.0,remote_captive,invest_substation,True,,True,,42.0,yellow,0.0,0.144,771066.4,886283.3,0.583,True,1321828.2,78.88,90.29,137.65,105.72,94.67,151.63,139.1,0.0,30.2,9700890.0,0.1511,True,False,,208.19,0.0,2.65,solar,90.29,43.1,63.08,"I-4/TT LWBP, Permen ESDM No.7/2024",False,65.56,63.08,43.1,False,77.21,22.4,False,not_competitive,False,False,False,False,False,False,False,0.146232616950494,660,0.589041095890411,True,660 MW solar planned in SUMATERA by 2030,0.77,35.3,-43.1,complete
semen-gresik-tuban,Semen Gresik Tuban,standalone,cement,clinker,15.0 MTPA,15000000.0,Integrated,Semen Indonesia Group,,,,,East Java,JAVA_BALI,,Active,-6.87,112.04,1576.8,0.18,1625.3,0.1855,1618.8,1623.3,1082.2,land_cover,filtered,2.14,90.0,remote_captive,invest_substation,True,True,True,9.61,31.5,red,0.0,11.221,219452.6,252244.4,0.583,True,376204.5,66.21,75.78,115.54,88.84,79.52,127.57,86.5,0.0,78.0,178021900.0,0.18,True,False,214.59,137.95,0.1163,4.52,solar,75.78,20.1,63.08,"I-4/TT LWBP, Permen ESDM No.7/2024",False,65.56,63.08,20.1,False,64.81,2.7,False,not_competitive,False,False,False,False,False,False,False,0.18016177224399177,1610,0.37207488299531977,True,1610 MW solar planned in JAVA_BALI by 2030,0.8,15.9,-20.1,complete
indocement-citeureup,Indocement Citeureup,standalone,cement,clinker,11.9 MTPA,11900000.0,Integrated,Indocement / Heidelberg,,,,,West Java,JAVA_BALI,,Active,-6.479811,106.899118,1383.7,0.158,1467.3,0.1675,1457.1,4788.4,3192.3,land_cover,filtered,1.02,,remote_captive,invest_substation,True,False,True,37.77,,unknown,0.0,29.882,219452.6,252244.4,0.583,True,376204.5,75.45,86.36,131.66,95.62,85.26,138.64,125.8,0.0,0.0,401591340.0,0.158,True,False,499.14,139.17,0.05,3.16,solar,86.36,36.9,63.08,"I-4/TT LWBP, Permen ESDM No.7/2024",False,65.56,63.08,36.9,False,73.85,17.1,False,not_competitive,False,False,False,False,False,False,False,0.18016177224399177,1610,0.37207488299531977,True,1610 MW solar planned in JAVA_BALI by 2030,0.8,29.1,-36.9,complete
semen-padang-indarung,Semen Padang Indarung,standalone,cement,clinker,8.8 MTPA,8800000.0,Integrated,Semen Indonesia Group,,,,,West Sumatra,SUMATERA,,Active,-0.947827,100.469967,1342.1,0.1532,1468.8,0.1677,,0.0,0.0,land_cover,provisional (no buildability filter),0.41,100.0,remote_captive,invest_substation,False,,,,35.0,unknown,0.0,,,,,False,376204.5,77.79,89.03,135.75,91.4,81.12,134.08,82.0,0.0,0.0,,0.1532,True,False,,72.26,0.0,1.45,solar,89.03,41.1,63.08,"I-4/TT LWBP, Permen ESDM No.7/2024",False,65.56,63.08,41.1,False,76.14,20.7,False,no_solar_resource,False,False,False,False,False,False,False,0.146232616950494,660,0.589041095890411,True,660 MW solar planned in SUMATERA by 2030,0.77,33.7,-41.1,complete
semen-tonasa,Semen Tonasa,standalone,cement,clinker,7.4 MTPA,7400000.0,Integrated,Semen Indonesia Group,,,,,South Sulawesi,SULAWESI,,Active,-4.789565,119.616409,1460.0,0.1667,1565.8,0.1787,,0.0,0.0,kawasan_hutan,provisional (no buildability filter),0.49,95.0,remote_captive,invest_substation,False,,,,33.2,unknown,0.0,,,,,False,376204.5,71.51,81.84,124.78,85.76,76.13,125.8,82.5,0.0,0.0,,0.1667,True,False,,63.22,0.0,2.93,solar,81.84,29.7,63.08,"I-4/TT LWBP, Permen ESDM No.7/2024",False,65.56,63.08,29.7,False,69.99,11.0,False,no_solar_resource,False,False,False,False,False,False,False,0.0646774939535543,206,0.4938574938574939,True,206 MW solar planned in SULAWESI by 2030,0.63,29.8,-29.7,complete
sbi-narogong,SBI Narogong,standalone,cement,clinker,6.06 MTPA,6060000.0,Integrated,Semen Indonesia Group,,,,,West Java,JAVA_BALI,,Active,-6.48,106.96,1401.2,0.16,1468.0,0.1676,1450.5,5215.9,3477.3,land_cover,filtered,3.63,,remote_captive,grid_ready,True,False,True,36.9,,unknown,0.0,32.565,219452.6,252244.4,0.583,True,376204.5,74.51,85.28,130.02,93.09,82.69,136.31,88.8,0.0,0.0,308784240.0,0.16,True,False,499.14,136.82,0.05,3.03,solar,85.28,35.2,63.08,"I-4/TT LWBP, Permen ESDM No.7/2024",False,65.56,63.08,35.2,False,72.93,15.6,False,not_competitive,False,False,False,False,False,False,False,0.18016177224399177,1610,0.37207488299531977,True,1610 MW solar planned in JAVA_BALI by 2030,0.8,27.8,-35.2,complete
conch-cement-serang,Conch Cement Serang,standalone,cement,clinker,4.4 MTPA,4400000.0,Grinding,Anhui Conch (China),,,,,Banten,JAVA_BALI,,Active,-5.892955,106.082135,1449.8,0.1655,1467.7,0.1675,1439.9,85.6,57.1,kawasan_hutan,filtered,0.58,,remote_captive,grid_ready,True,False,True,14.61,,unknown,0.0,0.535,219452.6,252244.4,0.583,True,376204.5,72.01,82.42,125.66,95.07,84.59,138.61,104.8,0.0,0.0,5984080.0,0.1655,True,False,472.67,116.01,0.0528,3.66,solar,82.42,30.7,63.08,"I-4/TT LWBP, Permen ESDM No.7/2024",False,65.56,63.08,30.7,False,70.48,11.7,False,not_competitive,False,False,False,False,False,False,False,0.18016177224399177,1610,0.37207488299531977,True,1610 MW solar planned in JAVA_BALI by 2030,0.8,24.2,-30.7,complete
conch-cement-north-sulawesi,Conch Cement North Sulawesi,standalone,cement,clinker,4.4 MTPA,4400000.0,Integrated,Anhui Conch (China),,,,,North Sulawesi,SULAWESI,,Active,0.895624,124.081963,1538.5,0.1756,1612.9,0.1841,,0.0,0.0,kawasan_hutan,provisional (no buildability filter),10.48,30.0,remote_captive,invest_substation,False,,,,10.5,unknown,0.0,,,,,False,376204.5,67.86,77.67,118.42,90.04,80.69,128.91,132.4,0.0,44.3,,0.1756,True,False,242.3,74.44,0.103,4.33,solar,77.67,23.1,63.08,"I-4/TT LWBP, Permen ESDM No.7/2024",False,65.56,63.08,23.1,False,66.42,5.3,False,no_solar_resource,False,False,False,False,False,False,False,0.0646774939535543,206,0.4938574938574939,True,206 MW solar planned in SULAWESI by 2030,0.63,23.2,-23.1,complete
semen-bosowa-maros,Semen Bosowa Maros,standalone,cement,clinker,4.2 MTPA,4200000.0,Integrated,Bosowa Corp,,,,,South Sulawesi,SULAWESI,,Active,-4.95,119.58,1506.7,0.172,1565.8,0.1787,,0.0,0.0,kawasan_hutan,provisional (no buildability filter),2.76,30.0,remote_captive,invest_substation,False,,,,10.5,unknown,0.0,,,,,False,376204.5,69.29,79.31,120.92,89.89,80.25,129.93,93.8,0.0,44.3,,0.172,True,False,,63.55,0.0,2.65,solar,79.31,25.7,63.08,"I-4/TT LWBP, Permen ESDM No.7/2024",False,65.56,63.08,25.7,False,67.82,7.5,False,no_solar_resource,False,False,False,False,False,False,False,0.0646774939535543,206,0.4938574938574939,True,206 MW solar planned in SULAWESI by 2030,0.63,25.8,-25.7,complete
red-lion-hongshi-tonga,Red Lion Hongshi Tonga,standalone,cement,clinker,4.0 MTPA,4000000.0,Integrated,Hongshi (China),,,,,East Kalimantan,KALIMANTAN,,Active,0.988195,117.481986,1299.0,0.1483,1415.8,0.1616,1379.7,17294.8,11529.9,kawasan_hutan,filtered,58.42,60.0,remote_captive,invest_substation,True,,True,,21.0,red,0.0,104.139,219452.6,252244.4,0.583,True,376204.5,80.37,91.99,140.25,115.96,105.03,161.4,224.0,0.0,79.9,3503936610.0,0.1483,True,False,,130.33,0.0,2.65,solar,91.99,45.8,63.08,"I-4/TT LWBP, Permen ESDM No.7/2024",False,65.56,63.08,45.8,False,78.67,24.7,False,not_competitive,False,False,False,False,False,False,False,0.19088681583722442,327,0.2997858672376874,True,327 MW solar planned in KALIMANTAN by 2030,1.16,24.9,-45.8,complete
semen-baturaja,Semen Baturaja,standalone,cement,clinker,3.85 MTPA,3850000.0,Integrated,Semen Indonesia Group,,,,,South Sumatra,SUMATERA,,Active,-4.116636,104.161351,1399.0,0.1597,1444.3,0.1649,,0.0,0.0,kawasan_hutan,provisional (no buildability filter),1.35,180.0,remote_captive,invest_substation,False,,,,63.0,unknown,0.0,,,,,False,376204.5,74.63,85.41,130.22,93.32,82.87,136.73,86.8,0.0,0.0,,0.1597,True,False,,122.85,0.0,2.57,solar,85.41,35.4,63.08,"I-4/TT LWBP, Permen ESDM No.7/2024",False,65.56,63.08,35.4,False,73.04,15.8,False,no_solar_resource,False,False,False,False,False,False,False,0.146232616950494,660,0.589041095890411,True,660 MW solar planned in SUMATERA by 2030,0.77,29.0,-35.4,complete
sbi-tuban,SBI Tuban,standalone,cement,clinker,3.73 MTPA,3730000.0,Integrated,Semen Indonesia Group,,,,,East Java,JAVA_BALI,,Active,-6.816488,111.885383,1576.8,0.18,1623.5,0.1853,1618.8,2392.6,1595.1,land_cover,filtered,0.75,12.0,remote_captive,grid_first,True,False,True,11.41,4.2,red,0.0,16.521,219452.6,252244.4,0.583,True,376204.5,66.21,75.78,115.54,89.19,79.87,127.92,89.5,0.0,79.8,270050430.0,0.18,True,False,211.5,104.07,0.118,4.54,solar,75.78,20.1,63.08,"I-4/TT LWBP, Permen ESDM No.7/2024",False,65.56,63.08,20.1,False,64.81,2.7,False,not_competitive,False,False,False,False,False,False,False,0.18016177224399177,1610,0.37207488299531977,True,1610 MW solar planned in JAVA_BALI by 2030,0.8,15.9,-20.1,complete
indocement-palimanan,Indocement Palimanan,standalone,cement,clinker,3.62 MTPA,3620000.0,Integrated,Indocement / Heidelberg,,,,,West Java,JAVA_BALI,,Active,-6.72,108.38,1445.0,0.165,1557.8,0.1778,1535.9,1709.3,1139.5,land_cover,filtered,7.32,120.0,remote_captive,invest_substation,True,False,True,28.28,42.0,red,0.0,11.324,219452.6,252244.4,0.583,True,376204.5,72.25,82.69,126.08,93.21,83.39,134.03,81.4,0.0,77.5,181066550.0,0.165,True,False,,86.95,0.0,2.67,solar,82.69,31.1,63.08,"I-4/TT LWBP, Permen ESDM No.7/2024",False,65.56,63.08,31.1,False,70.72,12.1,False,not_competitive,False,False,False,False,False,False,False,0.18016177224399177,1610,0.37207488299531977,True,1610 MW solar planned in JAVA_BALI by 2030,0.8,24.5,-31.1,complete
cemindo-gemilang-bayah,Cemindo Gemilang Bayah,standalone,cement,clinker,3.5 MTPA,3500000.0,Integrated,Cemindo Gemilang,,,,,Banten,JAVA_BALI,,Active,-6.954596,106.247008,1421.7,0.1623,1493.9,0.1705,1372.0,170.8,113.9,kawasan_hutan,filtered,1.14,,remote_captive,invest_substation,True,True,True,33.2,,unknown,0.0,1.086,219452.6,252244.4,0.583,True,376204.5,73.43,84.05,128.15,104.14,93.14,149.83,156.4,0.0,0.0,17813960.0,0.1623,True,False,193.92,86.94,0.1287,4.7,solar,84.05,33.2,63.08,"I-4/TT LWBP, Permen ESDM No.7/2024",False,65.56,63.08,33.2,False,71.88,14.0,False,not_competitive,False,False,False,False,False,False,False,0.18016177224399177,1610,0.37207488299531977,True,1610 MW solar planned in JAVA_BALI by 2030,0.8,26.2,-33.2,complete
sbi-cilacap,SBI Cilacap,standalone,cement,clinker,3.23 MTPA,3230000.0,Integrated,Semen Indonesia Group,,,,,Central Java,JAVA_BALI,,Active,-7.687489,109.022305,1517.7,0.1732,1555.3,0.1775,1512.9,255.8,170.5,land_cover,filtered,0.39,18.0,remote_captive,grid_first,True,True,True,2.26,6.3,red,0.0,1.692,219452.6,252244.4,0.583,True,376204.5,68.79,78.73,120.04,96.96,86.99,138.4,111.8,0.0,77.5,32275650.0,0.1733,True,False,301.42,89.68,0.0828,4.04,solar,78.73,24.8,63.08,"I-4/TT LWBP, Permen ESDM No.7/2024",False,65.56,63.08,24.8,False,67.33,6.7,False,not_competitive,False,False,False,False,False,False,False,0.18016177224399177,1610,0.37207488299531977,True,1610 MW solar planned in JAVA_BALI by 2030,0.8,19.6,-24.8,complete
semen-imasco-asiatic-jember,Semen Imasco Asiatic Jember,standalone,cement,clinker,3.0 MTPA,3000000.0,Integrated,Hongshi (China),,,,,East Java,JAVA_BALI,,Active,-8.348729,113.49255,1600.5,0.1827,1685.2,0.1924,1631.5,851.4,567.6,land_cover,filtered,0.67,60.0,remote_captive,invest_substation,True,False,True,39.07,21.0,red,0.0,6.102,219452.6,252244.4,0.583,True,376204.5,65.23,74.66,113.83,94.09,84.84,132.51,170.4,0.0,77.5,140708040.0,0.1827,True,False,499.14,80.85,0.05,3.18,solar,74.66,18.4,63.08,"I-4/TT LWBP, Permen ESDM No.7/2024",False,65.56,63.08,18.4,False,63.85,1.2,False,invest_resilience,False,False,False,False,False,True,False,0.18016177224399177,1610,0.37207488299531977,True,1610 MW solar planned in JAVA_BALI by 2030,0.8,14.5,-18.4,complete
si-gresik-rembang,SI Gresik Rembang,standalone,cement,clinker,3.0 MTPA,3000000.0,Integrated,Semen Indonesia Group,,,,,Central Java,JAVA_BALI,,Active,-6.866206,111.458833,1448.3,0.1653,1604.5,0.1832,1546.9,2221.4,1480.9,land_cover,filtered,0.52,3.0,remote_captive,grid_first,True,False,True,47.77,1.0,red,0.0,15.158,219452.6,252244.4,0.583,True,376204.5,72.09,82.51,125.79,93.66,83.91,134.19,93.8,0.0,80.0,257380420.0,0.1653,True,False,338.17,104.27,0.0738,3.92,solar,82.51,30.8,63.08,"I-4/TT LWBP, Permen ESDM No.7/2024",False,65.56,63.08,30.8,False,70.56,11.9,False,not_competitive,False,False,False,False,False,False,False,0.18016177224399177,1610,0.37207488299531977,True,1610 MW solar planned in JAVA_BALI by 2030,0.8,24.3,-30.8,complete
semeru-surya-semen-kutai,Semeru Surya Semen Kutai,standalone,cement,clinker,3.0 MTPA,3000000.0,Grinding,Semeru Surya Semen,,,,,East Kalimantan,KALIMANTAN,,Active,-0.541619,117.146701,1240.6,0.1416,1377.1,0.1572,1320.9,25471.6,16981.1,land_cover,filtered,4.49,9.0,remote_captive,grid_first,True,True,True,49.0,3.1,red,0.0,149.183,219452.6,252244.4,0.583,True,376204.5,84.15,96.32,146.85,114.21,102.79,161.68,145.2,0.0,80.0,3824143720.0,0.1416,True,False,471.78,276.96,0.0529,3.66,solar,96.32,52.7,63.08,"I-4/TT LWBP, Permen ESDM No.7/2024",False,65.56,63.08,52.7,False,82.37,30.6,False,not_competitive,False,False,False,False,False,False,False,0.19088681583722442,327,0.2997858672376874,True,327 MW solar planned in KALIMANTAN by 2030,1.16,28.7,-52.7,complete
indocement-kotabaru-tarjun,Indocement Kotabaru Tarjun,standalone,cement,clinker,2.6 MTPA,2600000.0,Integrated,Indocement / Heidelberg,,,,,South Kalimantan,KALIMANTAN,,Active,-3.271007,116.105835,1334.4,0.1523,1420.6,0.1622,1363.3,5240.9,3493.9,land_cover,filtered,8.12,2.5,remote_captive,grid_first,True,,True,,0.9,red,0.0,31.664,219452.6,252244.4,0.583,True,376204.5,78.24,89.55,136.53,110.32,99.25,156.31,141.2,0.0,80.0,772850680.0,0.1523,True,False,499.14,141.31,0.05,3.08,solar,89.55,42.0,63.08,"I-4/TT LWBP, Permen ESDM No.7/2024",False,65.56,63.08,42.0,False,76.58,21.4,False,not_competitive,False,False,False,False,False,False,False,0.19088681583722442,327,0.2997858672376874,True,327 MW solar planned in KALIMANTAN by 2030,1.16,22.8,-42.0,complete
semen-grobogan,Semen Grobogan,standalone,cement,clinker,2.5 MTPA,2500000.0,Integrated,Indocement / Heidelberg,,,,,Central Java,JAVA_BALI,,Active,-7.089975,110.622539,1528.6,0.1745,1579.7,0.1803,1560.4,1281.0,854.0,land_cover,filtered,0.58,,remote_captive,grid_ready,True,False,True,42.57,,unknown,0.0,8.606,219452.6,252244.4,0.583,True,376204.5,68.3,78.17,119.18,87.12,77.45,127.3,96.8,0.0,0.0,82667200.0,0.1745,True,False,497.16,94.65,0.0502,3.63,solar,78.17,23.9,63.08,"I-4/TT LWBP, Permen ESDM No.7/2024",False,65.56,63.08,23.9,False,66.85,6.0,False,not_competitive,False,False,False,False,False,False,False,0.18016177224399177,1610,0.37207488299531977,True,1610 MW solar planned in JAVA_BALI by 2030,0.8,18.9,-23.9,complete
semen-garuda-bekasi,Semen Garuda Bekasi,standalone,cement,clinker,2.5 MTPA,2500000.0,Integrated,Jui Shin Indonesia,,,,,West Java,JAVA_BALI,,Active,-6.460507,107.212892,1407.1,0.1606,1506.4,0.172,1451.6,5045.1,3363.4,land_cover,filtered,0.88,,remote_captive,grid_ready,True,False,True,22.32,,unknown,0.0,32.323,219452.6,252244.4,0.583,True,376204.5,74.2,84.92,129.47,93.01,82.61,136.19,88.7,0.0,0.0,298333580.0,0.1606,True,False,,136.81,0.0,2.23,solar,84.92,34.6,63.08,"I-4/TT LWBP, Permen ESDM No.7/2024",False,65.56,63.08,34.6,False,72.62,15.1,False,not_competitive,False,False,False,False,False,False,False,0.18016177224399177,1610,0.37207488299531977,True,1610 MW solar planned in JAVA_BALI by 2030,0.8,27.3,-34.6,complete
sbi-andalas-lhoknga,SBI Andalas Lhoknga,standalone,cement,clinker,1.84 MTPA,1840000.0,Integrated,Semen Indonesia Group,,,,,Aceh,SUMATERA,,Active,5.451139,95.246351,1410.0,0.161,1466.2,0.1674,,0.0,0.0,land_cover,provisional (no buildability filter),12.69,18.0,remote_captive,grid_first,False,,,,6.3,unknown,0.0,,,,,False,376204.5,74.04,84.75,129.21,101.06,90.76,143.82,143.4,0.0,58.6,,0.161,True,False,253.63,68.87,0.0984,4.26,solar,84.75,34.4,63.08,"I-4/TT LWBP, Permen ESDM No.7/2024",False,65.56,63.08,34.4,False,72.47,14.9,False,no_solar_resource,False,False,False,False,False,False,False,0.146232616950494,660,0.589041095890411,True,660 MW solar planned in SUMATERA by 2030,0.77,28.1,-34.4,complete
semen-jawa-scg-sukabumi,Semen Jawa SCG Sukabumi,standalone,cement,clinker,1.8 MTPA,1800000.0,Integrated,Siam Cement Group,,,,,West Java,JAVA_BALI,,Active,-6.976314,106.861777,1370.2,0.1564,1491.4,0.1702,1393.6,2648.0,1765.3,land_cover,filtered,0.4,,remote_captive,invest_substation,True,True,True,12.25,,unknown,0.0,16.796,219452.6,252244.4,0.583,True,376204.5,76.19,87.21,132.96,99.51,88.68,144.49,120.2,0.0,0.0,212189060.0,0.1564,True,False,499.14,85.52,0.05,3.1,solar,87.21,38.3,63.08,"I-4/TT LWBP, Permen ESDM No.7/2024",False,65.56,63.08,38.3,False,74.58,18.2,False,not_competitive,False,False,False,False,False,False,False,0.18016177224399177,1610,0.37207488299531977,True,1610 MW solar planned in JAVA_BALI by 2030,0.8,30.2,-38.3,complete
semen-bosowa-banyuwangi,Semen Bosowa Banyuwangi,standalone,cement,clinker,1.8 MTPA,1800000.0,Grinding,Bosowa Corp,,,,,East Java,JAVA_BALI,,Active,-8.169003,114.391943,1615.5,0.1844,1721.7,0.1965,,0.0,0.0,kawasan_hutan,provisional (no buildability filter),4.45,3.0,remote_captive,grid_first,False,,,,1.0,unknown,0.0,,,,,False,376204.5,64.62,73.97,112.77,84.49,75.72,120.9,102.2,0.0,76.4,,0.1844,True,False,219.89,70.01,0.1135,4.48,solar,73.97,17.3,63.08,"I-4/TT LWBP, Permen ESDM No.7/2024",False,65.56,63.08,17.3,False,63.25,0.3,False,no_solar_resource,False,False,False,False,False,True,False,0.18016177224399177,1610,0.37207488299531977,True,1610 MW solar planned in JAVA_BALI by 2030,0.8,13.6,-17.3,complete
cemindo-gemilang-ciwandan,Cemindo Gemilang Ciwandan,standalone,cement,clinker,1.75 MTPA,1750000.0,Grinding,Cemindo Gemilang,,,,,Banten,JAVA_BALI,,Active,-6.022556,105.960336,1384.1,0.158,1471.7,0.168,1441.4,256.7,171.1,kawasan_hutan,filtered,1.09,,remote_captive,grid_ready,True,False,True,19.94,,unknown,0.0,1.606,219452.6,252244.4,0.583,True,376204.5,75.43,86.33,131.63,94.33,83.86,137.82,96.8,0.0,0.0,16562480.0,0.158,True,False,383.37,109.2,0.0651,3.81,solar,86.33,36.9,63.08,"I-4/TT LWBP, Permen ESDM No.7/2024",False,65.56,63.08,36.9,False,73.83,17.0,False,not_competitive,False,False,False,False,False,False,False,0.18016177224399177,1610,0.37207488299531977,True,1610 MW solar planned in JAVA_BALI by 2030,0.8,29.1,-36.9,complete
conch-south-kalimantan,Conch South Kalimantan,standalone,cement,clinker,1.5 MTPA,1500000.0,Integrated,Anhui Conch (China),,,,,South Kalimantan,KALIMANTAN,,Active,-2.05,115.42,1307.1,0.1492,1376.0,0.1571,1375.0,12900.2,8600.1,land_cover,filtered,16.48,12.0,remote_captive,grid_first,True,False,True,30.13,4.2,red,0.0,75.493,219452.6,252244.4,0.583,True,376204.5,79.87,91.42,139.38,109.44,98.46,155.03,141.9,0.0,80.0,1908362190.0,0.1492,True,False,,144.96,0.0,1.81,solar,91.42,44.9,63.08,"I-4/TT LWBP, Permen ESDM No.7/2024",False,65.56,63.08,44.9,False,78.18,23.9,False,not_competitive,False,False,False,False,False,False,False,0.19088681583722442,327,0.2997858672376874,True,327 MW solar planned in KALIMANTAN by 2030,1.16,24.4,-44.9,complete
cemindo-gemilang-batam,Cemindo Gemilang Batam,standalone,cement,clinker,1.2 MTPA,1200000.0,Grinding,Cemindo Gemilang,,,,,Riau Islands,SUMATERA,,Active,1.058643,104.135548,1308.9,0.1494,1376.0,0.1571,1342.8,5850.8,3900.5,land_cover,filtered,0.49,60.0,remote_captive,invest_substation,True,,True,,21.0,red,0.0,34.239,219452.6,252244.4,0.583,True,376204.5,79.76,91.29,139.19,114.52,103.28,161.2,170.6,0.0,79.6,975905100.0,0.1494,True,False,237.91,121.31,0.1049,4.36,solar,91.29,44.7,63.08,"I-4/TT LWBP, Permen ESDM No.7/2024",False,65.56,63.08,44.7,False,78.07,23.8,False,not_competitive,False,False,False,False,False,False,False,0.146232616950494,660,0.589041095890411,True,660 MW solar planned in SUMATERA by 2030,0.77,36.6,-44.7,complete
semen-bosowa-batam,Semen Bosowa Batam,standalone,cement,clinker,1.2 MTPA,1200000.0,Grinding,Bosowa Corp,,,,,Riau Islands,SUMATERA,,Active,1.058782,104.136023,1308.9,0.1494,1376.0,0.1571,1342.8,6109.0,4072.7,land_cover,filtered,0.51,60.0,remote_captive,invest_substation,True,,True,,21.0,red,0.0,35.751,219452.6,252244.4,0.583,True,376204.5,79.76,91.29,139.19,114.54,103.3,161.23,170.9,0.0,79.7,1020618620.0,0.1494,True,False,251.33,121.32,0.0993,4.28,solar,91.29,44.7,63.08,"I-4/TT LWBP, Permen ESDM No.7/2024",False,65.56,63.08,44.7,False,78.07,23.8,False,not_competitive,False,False,False,False,False,False,False,0.146232616950494,660,0.589041095890411,True,660 MW solar planned in SUMATERA by 2030,0.77,36.6,-44.7,complete
semen-jakarta,Semen Jakarta,standalone,cement,clinker,1.0 MTPA,1000000.0,Grinding,Semen Jakarta,,,,,Banten,JAVA_BALI,,Active,-6.037574,105.985182,1361.8,0.1555,1471.0,0.1679,1441.4,256.7,171.1,kawasan_hutan,filtered,2.54,,remote_captive,grid_ready,True,False,True,19.6,,unknown,0.0,1.606,219452.6,252244.4,0.583,True,376204.5,76.66,87.75,133.78,94.25,83.78,137.75,96.0,0.0,0.0,16425600.0,0.1555,True,False,499.14,109.15,0.05,3.58,solar,87.75,39.1,63.08,"I-4/TT LWBP, Permen ESDM No.7/2024",False,65.56,63.08,39.1,False,75.04,19.0,False,not_competitive,False,False,False,False,False,False,False,0.18016177224399177,1610,0.37207488299531977,True,1610 MW solar planned in JAVA_BALI by 2030,0.8,30.8,-39.1,complete
semen-gresik-city,Semen Gresik City,standalone,cement,clinker,0.9 MTPA,900000.0,Grinding,Semen Indonesia Group,,,,,East Java,JAVA_BALI,,Active,-7.170242,112.645549,1559.6,0.178,1658.2,0.1893,1621.0,3927.6,2618.4,land_cover,filtered,0.3,,remote_captive,grid_ready,True,False,True,40.09,,unknown,0.0,27.699,219452.6,252244.4,0.583,True,376204.5,66.94,76.62,116.81,83.27,73.96,121.94,88.3,0.0,0.0,231204720.0,0.178,True,False,482.73,150.91,0.0517,3.65,solar,76.62,21.5,63.08,"I-4/TT LWBP, Permen ESDM No.7/2024",False,65.56,63.08,21.5,False,65.52,3.9,False,not_competitive,False,False,False,False,False,False,False,0.18016177224399177,1610,0.37207488299531977,True,1610 MW solar planned in JAVA_BALI by 2030,0.8,16.9,-21.5,complete
solusi-bangun-cilegon,Solusi Bangun Cilegon,standalone,cement,clinker,0.6 MTPA,600000.0,Grinding,Semen Indonesia Group,,,,,Banten,JAVA_BALI,,Active,-6.020475,105.958559,1384.1,0.158,1471.7,0.168,1440.3,171.2,114.1,kawasan_hutan,filtered,0.98,,remote_captive,grid_ready,True,False,True,19.94,,unknown,0.0,1.071,219452.6,252244.4,0.583,True,376204.5,75.43,86.33,131.63,95.05,84.58,138.58,105.0,0.0,0.0,11980500.0,0.158,True,False,339.55,109.61,0.0735,3.92,solar,86.33,36.9,63.08,"I-4/TT LWBP, Permen ESDM No.7/2024",False,65.56,63.08,36.9,False,73.83,17.0,False,not_competitive,False,False,False,False,False,False,False,0.18016177224399177,1610,0.37207488299531977,True,1610 MW solar planned in JAVA_BALI by 2030,0.8,29.1,-36.9,complete
semen-kupang,Semen Kupang,standalone,cement,clinker,0.5 MTPA,500000.0,Integrated,Semen Indonesia Group,,,,,NTT,NTB,,Active,-10.194909,123.540076,1668.8,0.1905,1784.8,0.2037,,0.0,0.0,land_cover,provisional (no buildability filter),7.27,30.0,remote_captive,invest_substation,False,,,,10.5,unknown,0.0,,,,,False,376204.5,62.56,71.6,109.17,80.33,71.87,115.45,116.3,0.0,44.3,,0.1905,True,False,132.12,73.56,0.1889,5.56,solar,71.6,13.5,63.08,"I-4/TT LWBP, Permen ESDM No.7/2024",False,65.56,63.08,13.5,False,61.23,-2.9,True,no_solar_resource,False,False,False,False,False,True,False,0.0,0,0.0,False,0 MW solar planned in NTB by 2030,1.27,6.7,-13.5,complete
conch-west-kalimantan,Conch West Kalimantan,standalone,cement,clinker,0.5 MTPA,500000.0,Grinding,Anhui Conch (China),,,,,West Kalimantan,KALIMANTAN,,Active,0.032069,109.23757,1362.2,0.1555,1442.5,0.1647,,0.0,0.0,kawasan_hutan,provisional (no buildability filter),4.67,60.0,remote_captive,invest_substation,False,,,,21.0,unknown,0.0,,,,,False,376204.5,76.64,87.72,133.74,95.47,85.01,138.93,103.3,0.0,8.6,,0.1555,True,False,445.66,120.57,0.056,3.7,solar,87.72,39.1,63.08,"I-4/TT LWBP, Permen ESDM No.7/2024",False,65.56,63.08,39.1,False,75.02,18.9,False,no_solar_resource,False,False,False,False,False,False,False,0.19088681583722442,327,0.2997858672376874,True,327 MW solar planned in KALIMANTAN by 2030,1.16,21.2,-39.1,complete
krakatau-steel-cilegon,Krakatau Steel Cilegon,standalone,steel,crude_steel,4000000 TPA,4000000.0,EAF,Krakatau Steel,,,,,Banten,JAVA_BALI,,Active,-6.007021,106.001766,1388.1,0.1585,1470.2,0.1678,1441.4,256.8,171.2,kawasan_hutan,filtered,0.91,,remote_captive,grid_ready,True,True,True,13.26,,unknown,0.0,1.606,219452.6,252244.4,0.583,True,376204.5,75.21,86.08,131.25,94.38,83.91,137.87,97.5,0.0,0.0,16692000.0,0.1585,True,False,479.03,109.23,0.0521,3.65,solar,86.08,36.5,63.08,"I-4/TT LWBP, Permen ESDM No.7/2024",False,65.56,63.08,36.5,False,73.62,16.7,False,not_competitive,False,False,False,False,False,False,False,0.18016177224399177,1610,0.37207488299531977,True,1610 MW solar planned in JAVA_BALI by 2030,0.8,28.8,-36.5,complete
krakatau-posco-cilegon,Krakatau Posco Cilegon,standalone,steel,crude_steel,3000000 TPA,3000000.0,BF-BOF,POSCO / Krakatau Steel,,,,,Banten,JAVA_BALI,,Active,-5.998661,105.99866,1391.4,0.1588,1470.2,0.1678,1442.1,171.2,114.1,kawasan_hutan,filtered,1.09,,remote_captive,grid_ready,True,True,True,13.26,,unknown,0.0,1.07,219452.6,252244.4,0.583,True,376204.5,75.03,85.88,130.94,94.35,83.89,137.82,97.8,0.0,0.0,11158980.0,0.1588,True,False,343.29,109.25,0.0727,3.91,solar,85.88,36.1,63.08,"I-4/TT LWBP, Permen ESDM No.7/2024",False,65.56,63.08,36.1,False,73.44,16.4,False,not_competitive,False,False,False,False,False,False,False,0.18016177224399177,1610,0.37207488299531977,True,1610 MW solar planned in JAVA_BALI by 2030,0.8,28.5,-36.1,complete
dexin-steel-morowali,Dexin Steel Morowali,standalone,steel,crude_steel,7000000 TPA,7000000.0,BF-BOF,Delong Holdings (China),,,,,Central Sulawesi,SULAWESI,,Active,-2.829514,122.174896,1452.7,0.1658,1473.1,0.1682,,0.0,0.0,kawasan_hutan,provisional (no buildability filter),115.33,30.0,remote_captive,grid_first,False,,,,10.5,unknown,0.0,,,,,False,376204.5,71.87,82.26,125.41,139.9,129.66,182.46,656.6,0.0,44.3,,0.1658,True,False,,257.69,0.0,2.46,solar,82.26,30.4,63.08,"I-4/TT LWBP, Permen ESDM No.7/2024",False,65.56,63.08,30.4,False,70.34,11.5,False,no_solar_resource,False,False,False,False,False,False,False,0.0646774939535543,206,0.4938574938574939,True,206 MW solar planned in SULAWESI by 2030,0.63,30.4,-30.4,complete
gunung-raja-paksi-bekasi,Gunung Raja Paksi Bekasi,standalone,steel,crude_steel,1820000 TPA,1820000.0,EAF,Gunung Raja Paksi,,,,,West Java,JAVA_BALI,,Active,-6.282658,107.117683,1390.6,0.1587,1505.3,0.1718,1457.1,5132.4,3421.6,land_cover,filtered,0.43,120.0,remote_captive,invest_substation,True,False,True,20.04,42.0,red,0.0,32.858,219452.6,252244.4,0.583,True,376204.5,75.08,85.93,131.01,101.98,91.62,145.0,126.4,0.0,79.2,703480960.0,0.1587,True,False,499.14,139.21,0.05,3.15,solar,85.93,36.2,63.08,"I-4/TT LWBP, Permen ESDM No.7/2024",False,65.56,63.08,36.2,False,73.48,16.5,False,not_competitive,False,False,False,False,False,False,False,0.18016177224399177,1610,0.37207488299531977,True,1610 MW solar planned in JAVA_BALI by 2030,0.8,28.6,-36.2,complete
master-steel-jakarta,Master Steel Jakarta,standalone,steel,crude_steel,2000000 TPA,2000000.0,EAF,Master Steel MFG,,,,,DKI Jakarta,JAVA_BALI,,Active,-6.18421,106.920067,1379.3,0.1575,1495.0,0.1707,1451.6,3593.3,2395.5,land_cover,filtered,0.27,24.0,remote_captive,grid_first,True,False,True,32.09,8.4,red,0.0,22.847,219452.6,252244.4,0.583,True,376204.5,75.69,86.63,132.08,99.37,88.97,142.56,88.5,0.0,79.8,403162650.0,0.1575,True,False,499.14,136.79,0.05,3.47,solar,86.63,37.3,63.08,"I-4/TT LWBP, Permen ESDM No.7/2024",False,65.56,63.08,37.3,False,74.09,17.5,False,not_competitive,False,False,False,False,False,False,False,0.18016177224399177,1610,0.37207488299531977,True,1610 MW solar planned in JAVA_BALI by 2030,0.8,29.4,-37.3,complete
jakarta-prima-steel-industries,Jakarta Prima Steel Industries,standalone,steel,crude_steel,900000 TPA,900000.0,EAF,Jakarta Prima Steel,,,,,DKI Jakarta,JAVA_BALI,,Active,-6.181643,106.932331,1392.1,0.1589,1496.1,0.1708,1457.1,4448.9,2965.9,land_cover,filtered,0.64,17.0,remote_captive,grid_first,True,False,True,7.13,5.9,red,0.0,28.308,219452.6,252244.4,0.583,True,376204.5,75.0,85.84,130.87,101.96,91.6,144.98,125.5,0.0,79.9,609195860.0,0.1589,True,False,499.14,139.15,0.05,3.42,solar,85.84,36.1,63.08,"I-4/TT LWBP, Permen ESDM No.7/2024",False,65.56,63.08,36.1,False,73.41,16.4,False,not_competitive,False,False,False,False,False,False,False,0.18016177224399177,1610,0.37207488299531977,True,1610 MW solar planned in JAVA_BALI by 2030,0.8,28.5,-36.1,complete
ispat-indo-sidoarjo,Ispat Indo Sidoarjo,standalone,steel,crude_steel,700000 TPA,700000.0,EAF,ArcelorMittal,,,,,East Java,JAVA_BALI,,Active,-7.448,112.718,1606.4,0.1834,1694.0,0.1934,1690.0,5973.1,3982.1,land_cover,filtered,2.74,20.0,remote_captive,grid_first,True,False,True,42.15,7.0,red,0.0,43.034,219452.6,252244.4,0.583,True,376204.5,64.99,74.39,113.41,85.28,76.35,122.38,87.3,0.0,79.9,665807120.0,0.1834,True,False,499.14,146.84,0.05,3.12,solar,74.39,17.9,63.08,"I-4/TT LWBP, Permen ESDM No.7/2024",False,65.56,63.08,17.9,False,63.61,0.8,False,invest_resilience,False,False,False,False,False,True,False,0.18016177224399177,1610,0.37207488299531977,True,1610 MW solar planned in JAVA_BALI by 2030,0.8,14.1,-17.9,complete
virtue-dragon-nickel-industrial-park-vdnip,Virtue Dragon Nickel Industrial Park (VDNIP),cluster,nickel,mixed_nickel,2000000 TPA,2000000.0,Ferro Nickel,,,,,,,SULAWESI,,Active,-3.890235466,122.4379273,1441.0,0.1645,1526.8,0.1743,,0.0,0.0,kawasan_hutan,provisional (no buildability filter),10.55,30.0,remote_captive,invest_substation,False,,,,10.5,unknown,0.0,,,,,False,376204.5,72.45,82.92,126.43,95.15,85.26,136.21,132.8,0.0,44.3,,0.1645,True,False,,198.2,0.0,2.56,solar,82.92,31.5,63.08,"I-4/TT LWBP, Permen ESDM No.7/2024",False,65.56,63.08,31.5,False,70.91,12.4,False,no_solar_resource,False,False,False,False,False,False,False,0.0646774939535543,206,0.4938574938574939,True,206 MW solar planned in SULAWESI by 2030,0.63,31.5,-31.5,complete
bantaeng-industrial-park-bip,Bantaeng Industrial Park (BIP),cluster,nickel,mixed_nickel,263300 TPA,263300.0,Ferro Nickel,,,,,,,SULAWESI,,Active,-5.581220134,120.0574004,1547.2,0.1766,1652.7,0.1887,,0.0,0.0,land_cover,provisional (no buildability filter),9.15,50.0,remote_captive,invest_substation,False,,,,17.5,unknown,0.0,,,,,False,376204.5,67.48,77.23,117.75,85.74,76.6,123.67,125.8,0.0,20.5,,0.1766,True,False,138.27,74.16,0.1805,5.44,solar,77.23,22.4,63.08,"I-4/TT LWBP, Permen ESDM No.7/2024",False,65.56,63.08,22.4,False,66.05,4.7,False,no_solar_resource,False,False,False,False,False,False,False,0.0646774939535543,206,0.4938574938574939,True,206 MW solar planned in SULAWESI by 2030,0.63,22.5,-22.4,complete
obi-island-industrial-park,Obi Island Industrial Park,cluster,nickel,mixed_nickel,1970000 TPA,1970000.0,Ferro Nickel,,,,,,,MALUKU,,Active,-1.532699668,127.4192247,1342.5,0.1532,1560.4,0.1781,,0.0,0.0,land_cover,provisional (no buildability filter),246.23,,remote_captive,grid_first,False,,,,,unknown,0.0,,,,,False,376204.5,77.77,89.01,135.7,177.48,167.8,217.65,1311.1,0.0,0.0,,0.1533,True,False,464.75,162.07,0.0537,3.67,solar,89.01,41.1,63.08,"I-4/TT LWBP, Permen ESDM No.7/2024",False,65.56,63.08,41.1,False,76.12,20.7,False,no_solar_resource,False,False,False,False,False,False,False,0.0,0,0.0,False,0 MW solar planned in MALUKU by 2030,0.6,43.2,-41.1,complete
indonesia-pomalaa-industry-park-ipip,Indonesia Pomalaa Industry Park (IPIP),cluster,nickel,mixed_nickel,2227000 TPA,2227000.0,Ferro Nickel,,,,,,,SULAWESI,,Active,-4.291228621,121.5584167,1444.3,0.1649,1585.9,0.181,,0.0,0.0,kawasan_hutan,provisional (no buildability filter),25.83,30.0,remote_captive,grid_first,False,,,,10.5,unknown,0.0,,,,,False,376204.5,72.28,82.73,126.14,97.19,87.68,136.72,209.1,0.0,44.3,,0.1649,True,False,,118.46,0.0,2.31,solar,82.73,31.2,63.08,"I-4/TT LWBP, Permen ESDM No.7/2024",False,65.56,63.08,31.2,False,70.75,12.2,False,no_solar_resource,False,False,False,False,False,False,False,0.0646774939535543,206,0.4938574938574939,True,206 MW solar planned in SULAWESI by 2030,0.63,31.2,-31.2,complete
nusantara-industri-sejati,Nusantara Industri Sejati,cluster,nickel,mixed_nickel,2000000 TPA,2000000.0,Ferro Nickel,,,,,,,SULAWESI,,Active,-3.835193078,122.4033594,1450.1,0.1655,1526.8,0.1743,,0.0,0.0,kawasan_hutan,provisional (no buildability filter),16.35,10.0,remote_captive,grid_first,False,,,,3.5,unknown,0.0,,,,,False,376204.5,72.0,82.4,125.64,99.16,89.28,140.22,161.8,0.0,68.1,,0.1655,True,False,,160.8,0.0,2.11,solar,82.4,30.6,63.08,"I-4/TT LWBP, Permen ESDM No.7/2024",False,65.56,63.08,30.6,False,70.47,11.7,False,no_solar_resource,False,False,False,False,False,False,False,0.0646774939535543,206,0.4938574938574939,True,206 MW solar planned in SULAWESI by 2030,0.63,30.7,-30.6,complete
indonesia-morowali-industrial-park-imip,Indonesia Morowali Industrial Park (IMIP),cluster,nickel,mixed_nickel,6014929 TPA,6014929.0,Nickel Pig Iron,,,,,,,SULAWESI,,Active,-2.831769936,122.1651827,1447.2,0.1652,1473.1,0.1682,,0.0,0.0,kawasan_hutan,provisional (no buildability filter),114.98,30.0,remote_captive,grid_first,False,,,,10.5,unknown,0.0,,,,,False,376204.5,72.14,82.57,125.89,139.77,129.52,182.32,654.9,0.0,44.3,,0.1652,True,False,,257.52,0.0,2.29,solar,82.57,30.9,63.08,"I-4/TT LWBP, Permen ESDM No.7/2024",False,65.56,63.08,30.9,False,70.61,11.9,False,no_solar_resource,False,False,False,False,False,False,False,0.0646774939535543,206,0.4938574938574939,True,206 MW solar planned in SULAWESI by 2030,0.63,30.9,-30.9,complete
stardust-estate-invesment-sei,Stardust Estate Invesment (SEI),cluster,nickel,mixed_nickel,,,Mixed RKEF/HPAL,,,,,,,SULAWESI,,Active,-1.935932805,121.6115391,1475.3,0.1684,1515.8,0.173,1445.4,602.1,401.4,kawasan_hutan,filtered,95.27,,remote_captive,grid_first,True,False,True,188.23,,unknown,0.0,3.882,219452.6,252244.4,0.583,True,376204.5,70.77,81.0,123.49,121.49,111.04,164.86,438.2,0.0,0.0,175893480.0,0.1684,True,False,,175.24,0.0,1.96,solar,81.0,28.4,63.08,"I-4/TT LWBP, Permen ESDM No.7/2024",False,65.56,63.08,28.4,False,69.27,9.8,False,not_competitive,False,False,False,False,False,False,False,0.0646774939535543,206,0.4938574938574939,True,206 MW solar planned in SULAWESI by 2030,0.63,28.4,-28.4,complete
industrial-weda-bay-industrial-park-iwip,Industrial Weda Bay Industrial Park (IWIP),cluster,nickel,mixed_nickel,1741000 TPA,1741000.0,Nickel Pig Iron,,,,,,,MALUKU,,Active,0.4890843334,128.0476444,1407.8,0.1607,1544.3,0.1763,,0.0,0.0,kawasan_hutan,provisional (no buildability filter),81.1,120.0,remote_captive,grid_first,False,,,,42.0,unknown,0.0,,,,,False,376204.5,74.16,84.88,129.41,117.26,107.48,157.85,485.5,0.0,0.0,,0.1607,True,False,,172.39,0.0,1.51,solar,84.88,34.6,63.08,"I-4/TT LWBP, Permen ESDM No.7/2024",False,65.56,63.08,34.6,False,72.59,15.1,False,no_solar_resource,False,False,False,False,False,False,False,0.0,0,0.0,False,0 MW solar planned in MALUKU by 2030,0.6,36.3,-34.6,complete
buli-industrial-park,Buli Industrial Park,cluster,nickel,mixed_nickel,40500 TPA,40500.0,Ferro Nickel,,,,,,,MALUKU,,Active,0.8408315536,128.2559372,1466.6,0.1674,1541.4,0.176,,0.0,0.0,kawasan_hutan,provisional (no buildability filter),98.83,120.0,remote_captive,grid_first,False,,,,42.0,unknown,0.0,,,,,False,376204.5,71.19,81.48,124.22,124.16,114.36,164.83,574.1,0.0,0.0,,0.1674,True,False,,162.39,0.0,1.53,solar,81.48,29.2,63.08,"I-4/TT LWBP, Permen ESDM No.7/2024",False,65.56,63.08,29.2,False,69.68,10.5,False,no_solar_resource,False,False,False,False,False,False,False,0.0,0,0.0,False,0 MW solar planned in MALUKU by 2030,0.6,30.7,-29.2,complete
indonesia-konawe-industrial-park-ikip,Indonesia Konawe Industrial Park (IKIP),cluster,nickel,mixed_nickel,,,Mixed RKEF/HPAL,,,,,,,SULAWESI,,Active,-3.016794486,121.8324283,1355.2,0.1547,1485.6,0.1696,,0.0,0.0,kawasan_hutan,provisional (no buildability filter),88.31,,remote_captive,grid_first,False,,,,,unknown,0.0,,,,,False,376204.5,77.04,88.17,134.43,124.71,114.55,166.91,521.5,0.0,0.0,,0.1547,True,False,,244.89,0.0,1.89,solar,88.17,39.8,63.08,"I-4/TT LWBP, Permen ESDM No.7/2024",False,65.56,63.08,39.8,False,75.4,19.5,False,no_solar_resource,False,False,False,False,False,False,False,0.0646774939535543,206,0.4938574938574939,True,206 MW solar planned in SULAWESI by 2030,0.63,39.8,-39.8,complete
inalum-asahan,Inalum Asahan,standalone,aluminium,primary_aluminium,250000 TPA,250000.0,Hall-Heroult,Indonesia Asahan Aluminium (Inalum),,,,,North Sumatra,SUMATERA,,Active,2.703,99.243,1287.7,0.147,1404.2,0.1603,,0.0,0.0,kawasan_hutan,provisional (no buildability filter),21.36,,remote_captive,grid_first,False,,,,,unknown,0.0,,,,,False,376204.5,81.08,92.8,141.48,104.26,93.51,148.91,186.8,0.0,0.0,,0.147,True,False,,128.03,0.0,1.78,solar,92.8,47.1,63.08,"I-4/TT LWBP, Permen ESDM No.7/2024",False,65.56,63.08,47.1,False,79.36,25.8,False,no_solar_resource,False,False,False,False,False,False,False,0.146232616950494,660,0.589041095890411,True,660 MW solar planned in SUMATERA by 2030,0.77,38.6,-47.1,complete
freeport-smelter-gresik,Freeport Smelter Gresik,standalone,aluminium,copper_cathode,300000 TPA,300000.0,Flash Smelting,Freeport Indonesia / Inalum,,,,,East Java,JAVA_BALI,,Active,-7.161,112.654,1555.3,0.1775,1657.8,0.1892,1621.0,4696.2,3130.8,land_cover,filtered,0.78,,remote_captive,grid_ready,True,False,True,40.77,,unknown,0.0,33.111,219452.6,252244.4,0.583,True,376204.5,67.13,76.83,117.14,83.26,73.95,121.94,88.3,0.0,0.0,276449640.0,0.1775,True,False,407.13,196.05,0.0613,3.77,solar,76.83,21.8,63.08,"I-4/TT LWBP, Permen ESDM No.7/2024",False,65.56,63.08,21.8,False,65.7,4.2,False,not_competitive,False,False,False,False,False,False,False,0.18016177224399177,1610,0.37207488299531977,True,1610 MW solar planned in JAVA_BALI by 2030,0.8,17.2,-21.8,complete
pupuk-kaltim-bontang,Pupuk Kaltim Bontang,standalone,fertilizer,urea,2400000 TPA,2400000.0,Ammonia Synthesis,Pupuk Indonesia Group,,,,,East Kalimantan,KALIMANTAN,,Active,0.121,117.5,1358.9,0.1551,1420.9,0.1622,1393.9,6368.2,4245.5,kawasan_hutan,filtered,8.51,110.0,remote_captive,invest_substation,True,True,True,37.43,38.5,red,0.0,38.484,219452.6,252244.4,0.583,True,376204.5,76.83,87.93,134.07,103.65,92.82,148.63,90.8,0.0,79.4,722584100.0,0.1551,True,False,324.12,233.04,0.077,3.96,solar,87.93,39.4,63.08,"I-4/TT LWBP, Permen ESDM No.7/2024",False,65.56,63.08,39.4,False,75.2,19.2,False,not_competitive,False,False,False,False,False,False,False,0.19088681583722442,327,0.2997858672376874,True,327 MW solar planned in KALIMANTAN by 2030,1.16,21.4,-39.4,complete
pupuk-sriwidjaja-palembang,Pupuk Sriwidjaja Palembang,standalone,fertilizer,urea,2000000 TPA,2000000.0,Ammonia Synthesis,Pupuk Indonesia Group,,,,,South Sumatra,SUMATERA,,Active,-2.99,104.757,1307.4,0.1493,1367.7,0.1561,,0.0,0.0,kawasan_hutan,provisional (no buildability filter),2.09,,remote_captive,invest_substation,False,,,,,unknown,0.0,,,,,False,376204.5,79.85,91.4,139.35,98.87,87.83,144.7,90.5,0.0,0.0,,0.1492,True,False,465.62,274.55,0.0536,3.67,solar,91.4,44.9,63.08,"I-4/TT LWBP, Permen ESDM No.7/2024",False,65.56,63.08,44.9,False,78.16,23.9,False,no_solar_resource,False,False,False,False,False,False,False,0.146232616950494,660,0.589041095890411,True,660 MW solar planned in SUMATERA by 2030,0.77,36.8,-44.9,complete
petrokimia-gresik,Petrokimia Gresik,standalone,fertilizer,urea,3400000 TPA,3400000.0,Ammonia Synthesis,Pupuk Indonesia Group,,,,,East Java,JAVA_BALI,,Active,-7.151,112.651,1551.6,0.1771,1656.4,0.1891,1634.1,4440.1,2960.1,land_cover,filtered,1.44,140.0,remote_captive,invest_substation,True,False,True,53.31,49.0,red,0.0,31.279,219452.6,252244.4,0.583,True,376204.5,67.29,77.01,117.42,89.84,80.61,128.21,111.5,0.0,78.9,563603040.0,0.1771,True,False,401.24,200.53,0.0622,3.78,solar,77.01,22.1,63.08,"I-4/TT LWBP, Permen ESDM No.7/2024",False,65.56,63.08,22.1,False,65.86,4.4,False,not_competitive,False,False,False,False,False,False,False,0.18016177224399177,1610,0.37207488299531977,True,1610 MW solar planned in JAVA_BALI by 2030,0.8,17.4,-22.1,complete
