site_id,wacc_pct,scenario,pvout_used,cf_used,connection_cost_per_kw,transmission_cost_per_kw,effective_capex_usd_per_kw,lcoe_usd_mwh,lcoe_low_usd_mwh,lcoe_high_usd_mwh,is_cf_provisional,is_capex_provisional,tech_id,lifetime_yr
industropolis-batang,4.0,within_boundary,pvout_within_boundary,0.1751,0.0,0.0,960.0,43.21,38.02,64.76,False,False,TECH006,27
industropolis-batang,6.0,within_boundary,pvout_within_boundary,0.1751,0.0,0.0,960.0,52.25,45.84,78.9,False,False,TECH006,27
industropolis-batang,8.0,within_boundary,pvout_within_boundary,0.1751,0.0,0.0,960.0,62.11,54.36,94.3,False,False,TECH006,27
industropolis-batang,10.0,within_boundary,pvout_within_boundary,0.1751,0.0,0.0,960.0,72.63,63.46,110.73,False,False,TECH006,27
industropolis-batang,12.0,within_boundary,pvout_within_boundary,0.1751,0.0,0.0,960.0,83.67,73.0,127.99,False,False,TECH006,27
industropolis-batang,14.0,within_boundary,pvout_within_boundary,0.1751,0.0,0.0,960.0,95.11,82.9,145.87,False,False,TECH006,27
industropolis-batang,16.0,within_boundary,pvout_within_boundary,0.1751,0.0,0.0,960.0,106.86,93.05,164.22,False,False,TECH006,27
industropolis-batang,18.0,within_boundary,pvout_within_boundary,0.1751,0.0,0.0,960.0,118.83,103.4,182.92,False,False,TECH006,27
industropolis-batang,20.0,within_boundary,pvout_within_boundary,0.1751,0.0,0.0,960.0,130.95,113.88,201.86,False,False,TECH006,27
industropolis-batang,4.0,grid_connected_solar,pvout_buildable_best_50km,0.178,98.0,0.0,1103.0,48.13,43.02,69.33,False,False,TECH006,27
industropolis-batang,6.0,grid_connected_solar,pvout_buildable_best_50km,0.178,98.0,0.0,1103.0,58.35,52.04,84.57,False,False,TECH006,27
industropolis-batang,8.0,grid_connected_solar,pvout_buildable_best_50km,0.178,98.0,0.0,1103.0,69.49,61.87,101.16,False,False,TECH006,27
industropolis-batang,10.0,grid_connected_solar,pvout_buildable_best_50km,0.178,98.0,0.0,1103.0,81.38,72.36,118.88,False,False,TECH006,27
industropolis-batang,12.0,grid_connected_solar,pvout_buildable_best_50km,0.178,98.0,0.0,1103.0,93.87,83.37,137.47,False,False,TECH006,27
industropolis-batang,14.0,grid_connected_solar,pvout_buildable_best_50km,0.178,98.0,0.0,1103.0,106.8,94.78,156.74,False,False,TECH006,27
industropolis-batang,16.0,grid_connected_solar,pvout_buildable_best_50km,0.178,98.0,0.0,1103.0,120.08,106.49,176.52,False,False,TECH006,27
industropolis-batang,18.0,grid_connected_solar,pvout_buildable_best_50km,0.178,98.0,0.0,1103.0,133.61,118.43,196.66,False,False,TECH006,27
industropolis-batang,20.0,grid_connected_solar,pvout_buildable_best_50km,0.178,98.0,0.0,1103.0,147.31,130.52,217.08,False,False,TECH006,27
batam-tourism-and-international-healthcare,4.0,within_boundary,pvout_centroid,0.1513,0.0,0.0,960.0,50.03,44.02,74.99,True,False,TECH006,27
batam-tourism-and-international-healthcare,6.0,within_boundary,pvout_centroid,0.1513,0.0,0.0,960.0,60.51,53.08,91.36,True,False,TECH006,27
batam-tourism-and-international-healthcare,8.0,within_boundary,pvout_centroid,0.1513,0.0,0.0,960.0,71.92,62.94,109.19,True,False,TECH006,27
batam-tourism-and-international-healthcare,10.0,within_boundary,pvout_centroid,0.1513,0.0,0.0,960.0,84.1,73.47,128.22,True,False,TECH006,27
batam-tourism-and-international-healthcare,12.0,within_boundary,pvout_centroid,0.1513,0.0,0.0,960.0,96.88,84.53,148.19,True,False,TECH006,27
batam-tourism-and-international-healthcare,14.0,within_boundary,pvout_centroid,0.1513,0.0,0.0,960.0,110.13,95.98,168.9,True,False,TECH006,27
batam-tourism-and-international-healthcare,16.0,within_boundary,pvout_centroid,0.1513,0.0,0.0,960.0,123.73,107.74,190.15,True,False,TECH006,27
batam-tourism-and-international-healthcare,18.0,within_boundary,pvout_centroid,0.1513,0.0,0.0,960.0,137.59,119.72,211.8,True,False,TECH006,27
batam-tourism-and-international-healthcare,20.0,within_boundary,pvout_centroid,0.1513,0.0,0.0,960.0,151.63,131.86,233.74,True,False,TECH006,27
batam-tourism-and-international-healthcare,4.0,grid_connected_solar,pvout_buildable_best_50km,0.1533,169.8,0.0,1174.8,59.16,53.24,83.79,False,False,TECH006,27
batam-tourism-and-international-healthcare,6.0,grid_connected_solar,pvout_buildable_best_50km,0.1533,169.8,0.0,1174.8,71.81,64.49,102.26,False,False,TECH006,27
batam-tourism-and-international-healthcare,8.0,grid_connected_solar,pvout_buildable_best_50km,0.1533,169.8,0.0,1174.8,85.6,76.74,122.37,False,False,TECH006,27
batam-tourism-and-international-healthcare,10.0,grid_connected_solar,pvout_buildable_best_50km,0.1533,169.8,0.0,1174.8,100.3,89.82,143.84,False,False,TECH006,27
batam-tourism-and-international-healthcare,12.0,grid_connected_solar,pvout_buildable_best_50km,0.1533,169.8,0.0,1174.8,115.74,103.55,166.37,False,False,TECH006,27
batam-tourism-and-international-healthcare,14.0,grid_connected_solar,pvout_buildable_best_50km,0.1533,169.8,0.0,1174.8,131.74,117.78,189.73,False,False,TECH006,27
batam-tourism-and-international-healthcare,16.0,grid_connected_solar,pvout_buildable_best_50km,0.1533,169.8,0.0,1174.8,148.17,132.39,213.7,False,False,TECH006,27
batam-tourism-and-international-healthcare,18.0,grid_connected_solar,pvout_buildable_best_50km,0.1533,169.8,0.0,1174.8,164.9,147.27,238.12,False,False,TECH006,27
batam-tourism-and-international-healthcare,20.0,grid_connected_solar,pvout_buildable_best_50km,0.1533,169.8,0.0,1174.8,181.85,162.35,262.87,False,False,TECH006,27
bumi-serpong-damai,4.0,within_boundary,pvout_centroid,0.1513,0.0,0.0,960.0,50.03,44.02,74.99,True,False,TECH006,27
bumi-serpong-damai,6.0,within_boundary,pvout_centroid,0.1513,0.0,0.0,960.0,60.51,53.08,91.36,True,False,TECH006,27
bumi-serpong-damai,8.0,within_boundary,pvout_centroid,0.1513,0.0,0.0,960.0,71.92,62.94,109.19,True,False,TECH006,27
bumi-serpong-damai,10.0,within_boundary,pvout_centroid,0.1513,0.0,0.0,960.0,84.1,73.47,128.22,True,False,TECH006,27
bumi-serpong-damai,12.0,within_boundary,pvout_centroid,0.1513,0.0,0.0,960.0,96.88,84.53,148.19,True,False,TECH006,27
bumi-serpong-damai,14.0,within_boundary,pvout_centroid,0.1513,0.0,0.0,960.0,110.13,95.98,168.9,True,False,TECH006,27
bumi-serpong-damai,16.0,within_boundary,pvout_centroid,0.1513,0.0,0.0,960.0,123.73,107.74,190.15,True,False,TECH006,27
bumi-serpong-damai,18.0,within_boundary,pvout_centroid,0.1513,0.0,0.0,960.0,137.59,119.72,211.8,True,False,TECH006,27
bumi-serpong-damai,20.0,within_boundary,pvout_centroid,0.1513,0.0,0.0,960.0,151.63,131.86,233.74,True,False,TECH006,27
bumi-serpong-damai,4.0,grid_connected_solar,pvout_buildable_best_50km,0.1664,118.8,0.0,1123.8,52.37,46.9,75.06,False,False,TECH006,27
bumi-serpong-damai,6.0,grid_connected_solar,pvout_buildable_best_50km,0.1664,118.8,0.0,1123.8,63.51,56.76,91.56,False,False,TECH006,27
bumi-serpong-damai,8.0,grid_connected_solar,pvout_buildable_best_50km,0.1664,118.8,0.0,1123.8,75.66,67.5,109.54,False,False,TECH006,27
bumi-serpong-damai,10.0,grid_connected_solar,pvout_buildable_best_50km,0.1664,118.8,0.0,1123.8,88.62,78.96,128.73,False,False,TECH006,27
bumi-serpong-damai,12.0,grid_connected_solar,pvout_buildable_best_50km,0.1664,118.8,0.0,1123.8,102.23,91.0,148.88,False,False,TECH006,27
bumi-serpong-damai,14.0,grid_connected_solar,pvout_buildable_best_50km,0.1664,118.8,0.0,1123.8,116.33,103.47,169.75,False,False,TECH006,27
bumi-serpong-damai,16.0,grid_connected_solar,pvout_buildable_best_50km,0.1664,118.8,0.0,1123.8,130.8,116.26,191.18,False,False,TECH006,27
bumi-serpong-damai,18.0,grid_connected_solar,pvout_buildable_best_50km,0.1664,118.8,0.0,1123.8,145.55,129.3,213.01,False,False,TECH006,27
bumi-serpong-damai,20.0,grid_connected_solar,pvout_buildable_best_50km,0.1664,118.8,0.0,1123.8,160.49,142.52,235.14,False,False,TECH006,27
setangga,4.0,within_boundary,pvout_within_boundary,0.1522,0.0,0.0,960.0,49.72,43.75,74.52,False,False,TECH006,27
setangga,6.0,within_boundary,pvout_within_boundary,0.1522,0.0,0.0,960.0,60.13,52.75,90.79,False,False,TECH006,27
setangga,8.0,within_boundary,pvout_within_boundary,0.1522,0.0,0.0,960.0,71.47,62.55,108.51,False,False,TECH006,27
setangga,10.0,within_boundary,pvout_within_boundary,0.1522,0.0,0.0,960.0,83.57,73.02,127.42,False,False,TECH006,27
setangga,12.0,within_boundary,pvout_within_boundary,0.1522,0.0,0.0,960.0,96.28,84.0,147.27,False,False,TECH006,27
setangga,14.0,within_boundary,pvout_within_boundary,0.1522,0.0,0.0,960.0,109.45,95.39,167.85,False,False,TECH006,27
setangga,16.0,within_boundary,pvout_within_boundary,0.1522,0.0,0.0,960.0,122.96,107.07,188.96,False,False,TECH006,27
setangga,18.0,within_boundary,pvout_within_boundary,0.1522,0.0,0.0,960.0,136.73,118.98,210.48,False,False,TECH006,27
setangga,20.0,within_boundary,pvout_within_boundary,0.1522,0.0,0.0,960.0,150.68,131.04,232.28,False,False,TECH006,27
setangga,4.0,grid_connected_solar,pvout_buildable_best_50km,0.1587,166.5,0.0,1171.5,57.01,51.28,80.8,False,False,TECH006,27
setangga,6.0,grid_connected_solar,pvout_buildable_best_50km,0.1587,166.5,0.0,1171.5,69.2,62.12,98.61,False,False,TECH006,27
setangga,8.0,grid_connected_solar,pvout_buildable_best_50km,0.1587,166.5,0.0,1171.5,82.47,73.92,118.0,False,False,TECH006,27
setangga,10.0,grid_connected_solar,pvout_buildable_best_50km,0.1587,166.5,0.0,1171.5,96.64,86.52,138.7,False,False,TECH006,27
setangga,12.0,grid_connected_solar,pvout_buildable_best_50km,0.1587,166.5,0.0,1171.5,111.52,99.74,160.43,False,False,TECH006,27
setangga,14.0,grid_connected_solar,pvout_buildable_best_50km,0.1587,166.5,0.0,1171.5,126.93,113.44,182.95,False,False,TECH006,27
setangga,16.0,grid_connected_solar,pvout_buildable_best_50km,0.1587,166.5,0.0,1171.5,142.75,127.51,206.07,False,False,TECH006,27
setangga,18.0,grid_connected_solar,pvout_buildable_best_50km,0.1587,166.5,0.0,1171.5,158.87,141.84,229.61,False,False,TECH006,27
setangga,20.0,grid_connected_solar,pvout_buildable_best_50km,0.1587,166.5,0.0,1171.5,175.21,156.36,253.48,False,False,TECH006,27
tanjung-sauh,4.0,within_boundary,pvout_within_boundary,0.1496,0.0,0.0,960.0,50.59,44.51,75.83,False,False,TECH006,27
tanjung-sauh,6.0,within_boundary,pvout_within_boundary,0.1496,0.0,0.0,960.0,61.18,53.67,92.38,False,False,TECH006,27
tanjung-sauh,8.0,within_boundary,pvout_within_boundary,0.1496,0.0,0.0,960.0,72.72,63.65,110.41,False,False,TECH006,27
tanjung-sauh,10.0,within_boundary,pvout_within_boundary,0.1496,0.0,0.0,960.0,85.04,74.3,129.65,False,False,TECH006,27
tanjung-sauh,12.0,within_boundary,pvout_within_boundary,0.1496,0.0,0.0,960.0,97.97,85.48,149.86,False,False,TECH006,27
tanjung-sauh,14.0,within_boundary,pvout_within_boundary,0.1496,0.0,0.0,960.0,111.37,97.06,170.79,False,False,TECH006,27
tanjung-sauh,16.0,within_boundary,pvout_within_boundary,0.1496,0.0,0.0,960.0,125.12,108.95,192.28,False,False,TECH006,27
tanjung-sauh,18.0,within_boundary,pvout_within_boundary,0.1496,0.0,0.0,960.0,139.13,121.07,214.17,False,False,TECH006,27
tanjung-sauh,20.0,within_boundary,pvout_within_boundary,0.1496,0.0,0.0,960.0,153.33,133.34,236.36,False,False,TECH006,27
tanjung-sauh,4.0,grid_connected_solar,pvout_buildable_best_50km,0.1543,234.6,0.0,1239.6,61.71,55.82,86.18,False,False,TECH006,27
tanjung-sauh,6.0,grid_connected_solar,pvout_buildable_best_50km,0.1543,234.6,0.0,1239.6,74.97,67.69,105.22,False,False,TECH006,27
tanjung-sauh,8.0,grid_connected_solar,pvout_buildable_best_50km,0.1543,234.6,0.0,1239.6,89.42,80.62,125.96,False,False,TECH006,27
tanjung-sauh,10.0,grid_connected_solar,pvout_buildable_best_50km,0.1543,234.6,0.0,1239.6,104.84,94.42,148.09,False,False,TECH006,27
tanjung-sauh,12.0,grid_connected_solar,pvout_buildable_best_50km,0.1543,234.6,0.0,1239.6,121.02,108.91,171.32,False,False,TECH006,27
tanjung-sauh,14.0,grid_connected_solar,pvout_buildable_best_50km,0.1543,234.6,0.0,1239.6,137.79,123.92,195.4,False,False,TECH006,27
tanjung-sauh,16.0,grid_connected_solar,pvout_buildable_best_50km,0.1543,234.6,0.0,1239.6,155.01,139.33,220.12,False,False,TECH006,27
tanjung-sauh,18.0,grid_connected_solar,pvout_buildable_best_50km,0.1543,234.6,0.0,1239.6,172.55,155.03,245.3,False,False,TECH006,27
tanjung-sauh,20.0,grid_connected_solar,pvout_buildable_best_50km,0.1543,234.6,0.0,1239.6,190.32,170.94,270.81,False,False,TECH006,27
kek-arun-lhokseumawe,4.0,within_boundary,pvout_centroid,0.1615,0.0,0.0,960.0,46.86,41.23,70.23,True,False,TECH006,27
kek-arun-lhokseumawe,6.0,within_boundary,pvout_centroid,0.1615,0.0,0.0,960.0,56.67,49.71,85.56,True,False,TECH006,27
kek-arun-lhokseumawe,8.0,within_boundary,pvout_centroid,0.1615,0.0,0.0,960.0,67.36,58.95,102.26,True,False,TECH006,27
kek-arun-lhokseumawe,10.0,within_boundary,pvout_centroid,0.1615,0.0,0.0,960.0,78.76,68.82,120.09,True,False,TECH006,27
kek-arun-lhokseumawe,12.0,within_boundary,pvout_centroid,0.1615,0.0,0.0,960.0,90.74,79.17,138.8,True,False,TECH006,27
kek-arun-lhokseumawe,14.0,within_boundary,pvout_centroid,0.1615,0.0,0.0,960.0,103.15,89.9,158.19,True,False,TECH006,27
kek-arun-lhokseumawe,16.0,within_boundary,pvout_centroid,0.1615,0.0,0.0,960.0,115.89,100.91,178.09,True,False,TECH006,27
kek-arun-lhokseumawe,18.0,within_boundary,pvout_centroid,0.1615,0.0,0.0,960.0,128.86,112.13,198.37,True,False,TECH006,27
kek-arun-lhokseumawe,20.0,within_boundary,pvout_centroid,0.1615,0.0,0.0,960.0,142.01,123.5,218.92,True,False,TECH006,27
kek-arun-lhokseumawe,4.0,grid_connected_solar,pvout_best_50km,0.1658,85.6,0.0,1090.6,51.16,45.68,73.94,True,False,TECH006,27
kek-arun-lhokseumawe,6.0,grid_connected_solar,pvout_best_50km,0.1658,85.6,0.0,1090.6,62.02,55.24,90.17,True,False,TECH006,27
kek-arun-lhokseumawe,8.0,grid_connected_solar,pvout_best_50km,0.1658,85.6,0.0,1090.6,73.85,65.66,107.86,True,False,TECH006,27
kek-arun-lhokseumawe,10.0,grid_connected_solar,pvout_best_50km,0.1658,85.6,0.0,1090.6,86.48,76.79,126.74,True,False,TECH006,27
kek-arun-lhokseumawe,12.0,grid_connected_solar,pvout_best_50km,0.1658,85.6,0.0,1090.6,99.73,88.46,146.56,True,False,TECH006,27
kek-arun-lhokseumawe,14.0,grid_connected_solar,pvout_best_50km,0.1658,85.6,0.0,1090.6,113.47,100.56,167.09,True,False,TECH006,27
kek-arun-lhokseumawe,16.0,grid_connected_solar,pvout_best_50km,0.1658,85.6,0.0,1090.6,127.57,112.98,188.17,True,False,TECH006,27
kek-arun-lhokseumawe,18.0,grid_connected_solar,pvout_best_50km,0.1658,85.6,0.0,1090.6,141.93,125.63,209.65,True,False,TECH006,27
kek-arun-lhokseumawe,20.0,grid_connected_solar,pvout_best_50km,0.1658,85.6,0.0,1090.6,156.49,138.45,231.41,True,False,TECH006,27
kek-sanur,4.0,within_boundary,pvout_centroid,0.1909,0.0,0.0,960.0,39.64,34.88,59.41,True,False,TECH006,27
kek-sanur,6.0,within_boundary,pvout_centroid,0.1909,0.0,0.0,960.0,47.94,42.05,72.38,True,False,TECH006,27
kek-sanur,8.0,within_boundary,pvout_centroid,0.1909,0.0,0.0,960.0,56.98,49.87,86.51,True,False,TECH006,27
kek-sanur,10.0,within_boundary,pvout_centroid,0.1909,0.0,0.0,960.0,66.63,58.21,101.58,True,False,TECH006,27
kek-sanur,12.0,within_boundary,pvout_centroid,0.1909,0.0,0.0,960.0,76.76,66.97,117.41,True,False,TECH006,27
kek-sanur,14.0,within_boundary,pvout_centroid,0.1909,0.0,0.0,960.0,87.25,76.05,133.81,True,False,TECH006,27
kek-sanur,16.0,within_boundary,pvout_centroid,0.1909,0.0,0.0,960.0,98.03,85.36,150.65,True,False,TECH006,27
kek-sanur,18.0,within_boundary,pvout_centroid,0.1909,0.0,0.0,960.0,109.01,94.85,167.8,True,False,TECH006,27
kek-sanur,20.0,within_boundary,pvout_centroid,0.1909,0.0,0.0,960.0,120.13,104.47,185.18,True,False,TECH006,27
kek-sanur,4.0,grid_connected_solar,pvout_buildable_best_50km,0.1847,247.5,0.0,1252.5,52.03,47.11,72.46,False,False,TECH006,27
kek-sanur,6.0,grid_connected_solar,pvout_buildable_best_50km,0.1847,247.5,0.0,1252.5,63.22,57.14,88.47,False,False,TECH006,27
kek-sanur,8.0,grid_connected_solar,pvout_buildable_best_50km,0.1847,247.5,0.0,1252.5,75.41,68.06,105.92,False,False,TECH006,27
kek-sanur,10.0,grid_connected_solar,pvout_buildable_best_50km,0.1847,247.5,0.0,1252.5,88.42,79.72,124.54,False,False,TECH006,27
kek-sanur,12.0,grid_connected_solar,pvout_buildable_best_50km,0.1847,247.5,0.0,1252.5,102.07,91.96,144.08,False,False,TECH006,27
kek-sanur,14.0,grid_connected_solar,pvout_buildable_best_50km,0.1847,247.5,0.0,1252.5,116.23,104.64,164.34,False,False,TECH006,27
kek-sanur,16.0,grid_connected_solar,pvout_buildable_best_50km,0.1847,247.5,0.0,1252.5,130.75,117.66,185.13,False,False,TECH006,27
kek-sanur,18.0,grid_connected_solar,pvout_buildable_best_50km,0.1847,247.5,0.0,1252.5,145.55,130.93,206.31,False,False,TECH006,27
kek-sanur,20.0,grid_connected_solar,pvout_buildable_best_50km,0.1847,247.5,0.0,1252.5,160.55,144.37,227.77,False,False,TECH006,27
kek-kendal,4.0,within_boundary,pvout_within_boundary,0.1783,0.0,0.0,960.0,42.44,37.34,63.61,False,False,TECH006,27
kek-kendal,6.0,within_boundary,pvout_within_boundary,0.1783,0.0,0.0,960.0,51.32,45.02,77.49,False,False,TECH006,27
kek-kendal,8.0,within_boundary,pvout_within_boundary,0.1783,0.0,0.0,960.0,61.01,53.39,92.62,False,False,TECH006,27
kek-kendal,10.0,within_boundary,pvout_within_boundary,0.1783,0.0,0.0,960.0,71.34,62.33,108.76,False,False,TECH006,27
kek-kendal,12.0,within_boundary,pvout_within_boundary,0.1783,0.0,0.0,960.0,82.18,71.7,125.71,False,False,TECH006,27
kek-kendal,14.0,within_boundary,pvout_within_boundary,0.1783,0.0,0.0,960.0,93.42,81.42,143.27,False,False,TECH006,27
kek-kendal,16.0,within_boundary,pvout_within_boundary,0.1783,0.0,0.0,960.0,104.96,91.4,161.3,False,False,TECH006,27
kek-kendal,18.0,within_boundary,pvout_within_boundary,0.1783,0.0,0.0,960.0,116.71,101.56,179.66,False,False,TECH006,27
kek-kendal,20.0,within_boundary,pvout_within_boundary,0.1783,0.0,0.0,960.0,128.62,111.85,198.27,False,False,TECH006,27
kek-kendal,4.0,grid_connected_solar,pvout_buildable_best_50km,0.1806,131.8,0.0,1136.8,48.75,43.72,69.65,False,False,TECH006,27
kek-kendal,6.0,grid_connected_solar,pvout_buildable_best_50km,0.1806,131.8,0.0,1136.8,59.14,52.92,84.98,False,False,TECH006,27
kek-kendal,8.0,grid_connected_solar,pvout_buildable_best_50km,0.1806,131.8,0.0,1136.8,70.46,62.94,101.68,False,False,TECH006,27
kek-kendal,10.0,grid_connected_solar,pvout_buildable_best_50km,0.1806,131.8,0.0,1136.8,82.54,73.64,119.49,False,False,TECH006,27
kek-kendal,12.0,grid_connected_solar,pvout_buildable_best_50km,0.1806,131.8,0.0,1136.8,95.22,84.87,138.2,False,False,TECH006,27
kek-kendal,14.0,grid_connected_solar,pvout_buildable_best_50km,0.1806,131.8,0.0,1136.8,108.36,96.51,157.58,False,False,TECH006,27
kek-kendal,16.0,grid_connected_solar,pvout_buildable_best_50km,0.1806,131.8,0.0,1136.8,121.85,108.46,177.48,False,False,TECH006,27
kek-kendal,18.0,grid_connected_solar,pvout_buildable_best_50km,0.1806,131.8,0.0,1136.8,135.59,120.63,197.75,False,False,TECH006,27
kek-kendal,20.0,grid_connected_solar,pvout_buildable_best_50km,0.1806,131.8,0.0,1136.8,149.52,132.96,218.29,False,False,TECH006,27
kek-sorong,4.0,within_boundary,pvout_centroid,0.1602,0.0,0.0,960.0,47.24,41.57,70.81,True,False,TECH006,27
kek-sorong,6.0,within_boundary,pvout_centroid,0.1602,0.0,0.0,960.0,57.14,50.12,86.27,True,False,TECH006,27
kek-sorong,8.0,within_boundary,pvout_centroid,0.1602,0.0,0.0,960.0,67.91,59.44,103.11,True,False,TECH006,27
kek-sorong,10.0,within_boundary,pvout_centroid,0.1602,0.0,0.0,960.0,79.42,69.38,121.08,True,False,TECH006,27
kek-sorong,12.0,within_boundary,pvout_centroid,0.1602,0.0,0.0,960.0,91.49,79.82,139.94,True,False,TECH006,27
kek-sorong,14.0,within_boundary,pvout_centroid,0.1602,0.0,0.0,960.0,104.0,90.64,159.5,True,False,TECH006,27
kek-sorong,16.0,within_boundary,pvout_centroid,0.1602,0.0,0.0,960.0,116.84,101.75,179.56,True,False,TECH006,27
kek-sorong,18.0,within_boundary,pvout_centroid,0.1602,0.0,0.0,960.0,129.93,113.06,200.01,True,False,TECH006,27
kek-sorong,20.0,within_boundary,pvout_centroid,0.1602,0.0,0.0,960.0,143.19,124.52,220.73,True,False,TECH006,27
kek-sorong,4.0,grid_connected_solar,pvout_best_50km,0.1749,85.3,0.0,1090.3,48.48,43.29,70.07,True,False,TECH006,27
kek-sorong,6.0,grid_connected_solar,pvout_best_50km,0.1749,85.3,0.0,1090.3,58.77,52.35,85.46,True,False,TECH006,27
kek-sorong,8.0,grid_connected_solar,pvout_best_50km,0.1749,85.3,0.0,1090.3,69.99,62.22,102.22,True,False,TECH006,27
kek-sorong,10.0,grid_connected_solar,pvout_best_50km,0.1749,85.3,0.0,1090.3,81.95,72.76,120.11,True,False,TECH006,27
kek-sorong,12.0,grid_connected_solar,pvout_best_50km,0.1749,85.3,0.0,1090.3,94.51,83.83,138.89,True,False,TECH006,27
kek-sorong,14.0,grid_connected_solar,pvout_best_50km,0.1749,85.3,0.0,1090.3,107.53,95.29,158.36,True,False,TECH006,27
kek-sorong,16.0,grid_connected_solar,pvout_best_50km,0.1749,85.3,0.0,1090.3,120.89,107.06,178.33,True,False,TECH006,27
kek-sorong,18.0,grid_connected_solar,pvout_best_50km,0.1749,85.3,0.0,1090.3,134.5,119.05,198.68,True,False,TECH006,27
kek-sorong,20.0,grid_connected_solar,pvout_best_50km,0.1749,85.3,0.0,1090.3,148.29,131.2,219.31,True,False,TECH006,27
kek-singhasari,4.0,within_boundary,pvout_within_boundary,0.1724,0.0,0.0,960.0,43.89,38.62,65.78,False,False,TECH006,27
kek-singhasari,6.0,within_boundary,pvout_within_boundary,0.1724,0.0,0.0,960.0,53.08,46.56,80.14,False,False,TECH006,27
kek-singhasari,8.0,within_boundary,pvout_within_boundary,0.1724,0.0,0.0,960.0,63.09,55.22,95.78,False,False,TECH006,27
kek-singhasari,10.0,within_boundary,pvout_within_boundary,0.1724,0.0,0.0,960.0,73.77,64.46,112.48,False,False,TECH006,27
kek-singhasari,12.0,within_boundary,pvout_within_boundary,0.1724,0.0,0.0,960.0,84.99,74.15,130.0,False,False,TECH006,27
kek-singhasari,14.0,within_boundary,pvout_within_boundary,0.1724,0.0,0.0,960.0,96.61,84.2,148.17,False,False,TECH006,27
kek-singhasari,16.0,within_boundary,pvout_within_boundary,0.1724,0.0,0.0,960.0,108.54,94.52,166.81,False,False,TECH006,27
kek-singhasari,18.0,within_boundary,pvout_within_boundary,0.1724,0.0,0.0,960.0,120.7,105.03,185.8,False,False,TECH006,27
kek-singhasari,20.0,within_boundary,pvout_within_boundary,0.1724,0.0,0.0,960.0,133.02,115.68,205.04,False,False,TECH006,27
kek-singhasari,4.0,grid_connected_solar,pvout_buildable_best_50km,0.1934,97.4,0.0,1102.4,44.28,39.58,63.8,False,False,TECH006,27
kek-singhasari,6.0,grid_connected_solar,pvout_buildable_best_50km,0.1934,97.4,0.0,1102.4,53.69,47.88,77.82,False,False,TECH006,27
kek-singhasari,8.0,grid_connected_solar,pvout_buildable_best_50km,0.1934,97.4,0.0,1102.4,63.94,56.92,93.09,False,False,TECH006,27
kek-singhasari,10.0,grid_connected_solar,pvout_buildable_best_50km,0.1934,97.4,0.0,1102.4,74.88,66.57,109.39,False,False,TECH006,27
kek-singhasari,12.0,grid_connected_solar,pvout_buildable_best_50km,0.1934,97.4,0.0,1102.4,86.36,76.7,126.5,False,False,TECH006,27
kek-singhasari,14.0,grid_connected_solar,pvout_buildable_best_50km,0.1934,97.4,0.0,1102.4,98.26,87.2,144.23,False,False,TECH006,27
kek-singhasari,16.0,grid_connected_solar,pvout_buildable_best_50km,0.1934,97.4,0.0,1102.4,110.48,97.97,162.43,False,False,TECH006,27
kek-singhasari,18.0,grid_connected_solar,pvout_buildable_best_50km,0.1934,97.4,0.0,1102.4,122.92,108.95,180.97,False,False,TECH006,27
kek-singhasari,20.0,grid_connected_solar,pvout_buildable_best_50km,0.1934,97.4,0.0,1102.4,135.54,120.07,199.76,False,False,TECH006,27
kek-morotai,4.0,within_boundary,pvout_centroid,0.1496,0.0,0.0,960.0,50.59,44.51,75.83,True,False,TECH006,27
kek-morotai,6.0,within_boundary,pvout_centroid,0.1496,0.0,0.0,960.0,61.18,53.67,92.38,True,False,TECH006,27
kek-morotai,8.0,within_boundary,pvout_centroid,0.1496,0.0,0.0,960.0,72.72,63.65,110.41,True,False,TECH006,27
kek-morotai,10.0,within_boundary,pvout_centroid,0.1496,0.0,0.0,960.0,85.04,74.3,129.65,True,False,TECH006,27
kek-morotai,12.0,within_boundary,pvout_centroid,0.1496,0.0,0.0,960.0,97.97,85.48,149.86,True,False,TECH006,27
kek-morotai,14.0,within_boundary,pvout_centroid,0.1496,0.0,0.0,960.0,111.37,97.06,170.79,True,False,TECH006,27
kek-morotai,16.0,within_boundary,pvout_centroid,0.1496,0.0,0.0,960.0,125.12,108.95,192.28,True,False,TECH006,27
kek-morotai,18.0,within_boundary,pvout_centroid,0.1496,0.0,0.0,960.0,139.13,121.07,214.17,True,False,TECH006,27
kek-morotai,20.0,within_boundary,pvout_centroid,0.1496,0.0,0.0,960.0,153.33,133.34,236.36,True,False,TECH006,27
kek-morotai,4.0,grid_connected_solar,pvout_best_50km,0.1795,1149.8,0.0,2154.8,88.69,83.63,109.72,True,False,TECH006,27
kek-morotai,6.0,grid_connected_solar,pvout_best_50km,0.1795,1149.8,0.0,2154.8,108.5,102.25,134.5,True,False,TECH006,27
kek-morotai,8.0,grid_connected_solar,pvout_best_50km,0.1795,1149.8,0.0,2154.8,130.09,122.53,161.49,True,False,TECH006,27
kek-morotai,10.0,grid_connected_solar,pvout_best_50km,0.1795,1149.8,0.0,2154.8,153.12,144.17,190.3,True,False,TECH006,27
kek-morotai,12.0,grid_connected_solar,pvout_best_50km,0.1795,1149.8,0.0,2154.8,177.31,166.9,220.55,True,False,TECH006,27
kek-morotai,14.0,grid_connected_solar,pvout_best_50km,0.1795,1149.8,0.0,2154.8,202.37,190.45,251.89,True,False,TECH006,27
kek-morotai,16.0,grid_connected_solar,pvout_best_50km,0.1795,1149.8,0.0,2154.8,228.09,214.62,284.06,True,False,TECH006,27
kek-morotai,18.0,grid_connected_solar,pvout_best_50km,0.1795,1149.8,0.0,2154.8,254.3,239.25,316.83,True,False,TECH006,27
kek-morotai,20.0,grid_connected_solar,pvout_best_50km,0.1795,1149.8,0.0,2154.8,280.86,264.2,350.05,True,False,TECH006,27
kek-gresik,4.0,within_boundary,pvout_within_boundary,0.1751,0.0,0.0,960.0,43.22,38.03,64.78,False,False,TECH006,27
kek-gresik,6.0,within_boundary,pvout_within_boundary,0.1751,0.0,0.0,960.0,52.27,45.85,78.92,False,False,TECH006,27
kek-gresik,8.0,within_boundary,pvout_within_boundary,0.1751,0.0,0.0,960.0,62.13,54.38,94.32,False,False,TECH006,27
kek-gresik,10.0,within_boundary,pvout_within_boundary,0.1751,0.0,0.0,960.0,72.65,63.47,110.76,False,False,TECH006,27
kek-gresik,12.0,within_boundary,pvout_within_boundary,0.1751,0.0,0.0,960.0,83.69,73.02,128.02,False,False,TECH006,27
kek-gresik,14.0,within_boundary,pvout_within_boundary,0.1751,0.0,0.0,960.0,95.14,82.92,145.91,False,False,TECH006,27
kek-gresik,16.0,within_boundary,pvout_within_boundary,0.1751,0.0,0.0,960.0,106.89,93.08,164.26,False,False,TECH006,27
kek-gresik,18.0,within_boundary,pvout_within_boundary,0.1751,0.0,0.0,960.0,118.86,103.42,182.96,False,False,TECH006,27
kek-gresik,20.0,within_boundary,pvout_within_boundary,0.1751,0.0,0.0,960.0,130.99,113.91,201.92,False,False,TECH006,27
kek-gresik,4.0,grid_connected_solar,pvout_buildable_best_50km,0.184,83.2,0.0,1088.2,45.99,41.05,66.5,False,False,TECH006,27
kek-gresik,6.0,grid_connected_solar,pvout_buildable_best_50km,0.184,83.2,0.0,1088.2,55.75,49.64,81.1,False,False,TECH006,27
kek-gresik,8.0,grid_connected_solar,pvout_buildable_best_50km,0.184,83.2,0.0,1088.2,66.38,59.0,97.01,False,False,TECH006,27
kek-gresik,10.0,grid_connected_solar,pvout_buildable_best_50km,0.184,83.2,0.0,1088.2,77.72,68.99,113.98,False,False,TECH006,27
kek-gresik,12.0,grid_connected_solar,pvout_buildable_best_50km,0.184,83.2,0.0,1088.2,89.63,79.48,131.81,False,False,TECH006,27
kek-gresik,14.0,grid_connected_solar,pvout_buildable_best_50km,0.184,83.2,0.0,1088.2,101.98,90.35,150.28,False,False,TECH006,27
kek-gresik,16.0,grid_connected_solar,pvout_buildable_best_50km,0.184,83.2,0.0,1088.2,114.65,101.51,169.23,False,False,TECH006,27
kek-gresik,18.0,grid_connected_solar,pvout_buildable_best_50km,0.184,83.2,0.0,1088.2,127.56,112.87,188.55,False,False,TECH006,27
kek-gresik,20.0,grid_connected_solar,pvout_buildable_best_50km,0.184,83.2,0.0,1088.2,140.64,124.39,208.12,False,False,TECH006,27
kek-likupang,4.0,within_boundary,pvout_centroid,0.1805,0.0,0.0,960.0,41.93,36.9,62.85,True,False,TECH006,27
kek-likupang,6.0,within_boundary,pvout_centroid,0.1805,0.0,0.0,960.0,50.71,44.49,76.57,True,False,TECH006,27
kek-likupang,8.0,within_boundary,pvout_centroid,0.1805,0.0,0.0,960.0,60.28,52.76,91.52,True,False,TECH006,27
kek-likupang,10.0,within_boundary,pvout_centroid,0.1805,0.0,0.0,960.0,70.49,61.59,107.47,True,False,TECH006,27
kek-likupang,12.0,within_boundary,pvout_centroid,0.1805,0.0,0.0,960.0,81.2,70.85,124.21,True,False,TECH006,27
kek-likupang,14.0,within_boundary,pvout_centroid,0.1805,0.0,0.0,960.0,92.31,80.45,141.57,True,False,TECH006,27
kek-likupang,16.0,within_boundary,pvout_centroid,0.1805,0.0,0.0,960.0,103.71,90.31,159.38,True,False,TECH006,27
kek-likupang,18.0,within_boundary,pvout_centroid,0.1805,0.0,0.0,960.0,115.32,100.35,177.52,True,False,TECH006,27
kek-likupang,20.0,within_boundary,pvout_centroid,0.1805,0.0,0.0,960.0,127.09,110.52,195.91,True,False,TECH006,27
kek-likupang,4.0,grid_connected_solar,pvout_best_50km,0.1848,117.2,0.0,1122.2,47.08,42.17,67.51,True,False,TECH006,27
kek-likupang,6.0,grid_connected_solar,pvout_best_50km,0.1848,117.2,0.0,1122.2,57.11,51.03,82.36,True,False,TECH006,27
kek-likupang,8.0,grid_connected_solar,pvout_best_50km,0.1848,117.2,0.0,1122.2,68.02,60.68,98.53,True,False,TECH006,27
kek-likupang,10.0,grid_connected_solar,pvout_best_50km,0.1848,117.2,0.0,1122.2,79.68,70.98,115.79,True,False,TECH006,27
kek-likupang,12.0,grid_connected_solar,pvout_best_50km,0.1848,117.2,0.0,1122.2,91.91,81.8,133.91,True,False,TECH006,27
kek-likupang,14.0,grid_connected_solar,pvout_best_50km,0.1848,117.2,0.0,1122.2,104.59,93.01,152.69,True,False,TECH006,27
kek-likupang,16.0,grid_connected_solar,pvout_best_50km,0.1848,117.2,0.0,1122.2,117.6,104.51,171.96,True,False,TECH006,27
kek-likupang,18.0,grid_connected_solar,pvout_best_50km,0.1848,117.2,0.0,1122.2,130.86,116.23,191.6,True,False,TECH006,27
kek-likupang,20.0,grid_connected_solar,pvout_best_50km,0.1848,117.2,0.0,1122.2,144.29,128.11,211.49,True,False,TECH006,27
kek-bitung,4.0,within_boundary,pvout_centroid,0.1718,0.0,0.0,960.0,44.05,38.76,66.02,True,False,TECH006,27
kek-bitung,6.0,within_boundary,pvout_centroid,0.1718,0.0,0.0,960.0,53.27,46.73,80.43,True,False,TECH006,27
kek-bitung,8.0,within_boundary,pvout_centroid,0.1718,0.0,0.0,960.0,63.32,55.42,96.13,True,False,TECH006,27
kek-bitung,10.0,within_boundary,pvout_centroid,0.1718,0.0,0.0,960.0,74.04,64.69,112.89,True,False,TECH006,27
kek-bitung,12.0,within_boundary,pvout_centroid,0.1718,0.0,0.0,960.0,85.3,74.42,130.48,True,False,TECH006,27
kek-bitung,14.0,within_boundary,pvout_centroid,0.1718,0.0,0.0,960.0,96.97,84.51,148.71,True,False,TECH006,27
kek-bitung,16.0,within_boundary,pvout_centroid,0.1718,0.0,0.0,960.0,108.94,94.86,167.42,True,False,TECH006,27
kek-bitung,18.0,within_boundary,pvout_centroid,0.1718,0.0,0.0,960.0,121.14,105.41,186.48,True,False,TECH006,27
kek-bitung,20.0,within_boundary,pvout_centroid,0.1718,0.0,0.0,960.0,133.5,116.1,205.79,True,False,TECH006,27
kek-bitung,4.0,grid_connected_solar,pvout_best_50km,0.1848,88.5,0.0,1093.5,46.0,41.08,66.43,True,False,TECH006,27
kek-bitung,6.0,grid_connected_solar,pvout_best_50km,0.1848,88.5,0.0,1093.5,55.77,49.69,81.02,True,False,TECH006,27
kek-bitung,8.0,grid_connected_solar,pvout_best_50km,0.1848,88.5,0.0,1093.5,66.41,59.07,96.91,True,False,TECH006,27
kek-bitung,10.0,grid_connected_solar,pvout_best_50km,0.1848,88.5,0.0,1093.5,77.76,69.07,113.88,True,False,TECH006,27
kek-bitung,12.0,grid_connected_solar,pvout_best_50km,0.1848,88.5,0.0,1093.5,89.69,79.57,131.68,True,False,TECH006,27
kek-bitung,14.0,grid_connected_solar,pvout_best_50km,0.1848,88.5,0.0,1093.5,102.04,90.46,150.14,True,False,TECH006,27
kek-bitung,16.0,grid_connected_solar,pvout_best_50km,0.1848,88.5,0.0,1093.5,114.72,101.63,169.08,True,False,TECH006,27
kek-bitung,18.0,grid_connected_solar,pvout_best_50km,0.1848,88.5,0.0,1093.5,127.64,113.02,188.38,True,False,TECH006,27
kek-bitung,20.0,grid_connected_solar,pvout_best_50km,0.1848,88.5,0.0,1093.5,140.73,124.55,207.94,True,False,TECH006,27
kek-palu,4.0,within_boundary,pvout_within_boundary,0.1645,0.0,0.0,960.0,45.99,40.47,68.94,False,False,TECH006,27
kek-palu,6.0,within_boundary,pvout_within_boundary,0.1645,0.0,0.0,960.0,55.62,48.8,83.98,False,False,TECH006,27
kek-palu,8.0,within_boundary,pvout_within_boundary,0.1645,0.0,0.0,960.0,66.11,57.87,100.38,False,False,TECH006,27
kek-palu,10.0,within_boundary,pvout_within_boundary,0.1645,0.0,0.0,960.0,77.31,67.55,117.87,False,False,TECH006,27
kek-palu,12.0,within_boundary,pvout_within_boundary,0.1645,0.0,0.0,960.0,89.06,77.71,136.24,False,False,TECH006,27
kek-palu,14.0,within_boundary,pvout_within_boundary,0.1645,0.0,0.0,960.0,101.25,88.24,155.27,False,False,TECH006,27
kek-palu,16.0,within_boundary,pvout_within_boundary,0.1645,0.0,0.0,960.0,113.75,99.05,174.8,False,False,TECH006,27
kek-palu,18.0,within_boundary,pvout_within_boundary,0.1645,0.0,0.0,960.0,126.49,110.06,194.71,False,False,TECH006,27
kek-palu,20.0,within_boundary,pvout_within_boundary,0.1645,0.0,0.0,960.0,139.39,121.22,214.88,False,False,TECH006,27
kek-palu,4.0,grid_connected_solar,pvout_buildable_best_50km,0.1738,139.6,0.0,1144.5,50.97,45.74,72.69,False,False,TECH006,27
kek-palu,6.0,grid_connected_solar,pvout_buildable_best_50km,0.1738,139.6,0.0,1144.5,61.84,55.37,88.69,False,False,TECH006,27
kek-palu,8.0,grid_connected_solar,pvout_buildable_best_50km,0.1738,139.6,0.0,1144.5,73.68,65.87,106.11,False,False,TECH006,27
kek-palu,10.0,grid_connected_solar,pvout_buildable_best_50km,0.1738,139.6,0.0,1144.5,86.32,77.07,124.71,False,False,TECH006,27
kek-palu,12.0,grid_connected_solar,pvout_buildable_best_50km,0.1738,139.6,0.0,1144.5,99.58,88.83,144.24,False,False,TECH006,27
kek-palu,14.0,grid_connected_solar,pvout_buildable_best_50km,0.1738,139.6,0.0,1144.5,113.33,101.02,164.48,False,False,TECH006,27
kek-palu,16.0,grid_connected_solar,pvout_buildable_best_50km,0.1738,139.6,0.0,1144.5,127.44,113.53,185.25,False,False,TECH006,27
kek-palu,18.0,grid_connected_solar,pvout_buildable_best_50km,0.1738,139.6,0.0,1144.5,141.82,126.27,206.41,False,False,TECH006,27
kek-palu,20.0,grid_connected_solar,pvout_buildable_best_50km,0.1738,139.6,0.0,1144.5,156.39,139.19,227.85,False,False,TECH006,27
kek-kura-kura,4.0,within_boundary,pvout_centroid,0.1923,0.0,0.0,960.0,39.35,34.63,58.98,True,False,TECH006,27
kek-kura-kura,6.0,within_boundary,pvout_centroid,0.1923,0.0,0.0,960.0,47.59,41.75,71.86,True,False,TECH006,27
kek-kura-kura,8.0,within_boundary,pvout_centroid,0.1923,0.0,0.0,960.0,56.57,49.51,85.88,True,False,TECH006,27
kek-kura-kura,10.0,within_boundary,pvout_centroid,0.1923,0.0,0.0,960.0,66.15,57.79,100.85,True,False,TECH006,27
kek-kura-kura,12.0,within_boundary,pvout_centroid,0.1923,0.0,0.0,960.0,76.21,66.49,116.57,True,False,TECH006,27
kek-kura-kura,14.0,within_boundary,pvout_centroid,0.1923,0.0,0.0,960.0,86.63,75.5,132.85,True,False,TECH006,27
kek-kura-kura,16.0,within_boundary,pvout_centroid,0.1923,0.0,0.0,960.0,97.33,84.75,149.57,True,False,TECH006,27
kek-kura-kura,18.0,within_boundary,pvout_centroid,0.1923,0.0,0.0,960.0,108.22,94.17,166.6,True,False,TECH006,27
kek-kura-kura,20.0,within_boundary,pvout_centroid,0.1923,0.0,0.0,960.0,119.27,103.72,183.85,True,False,TECH006,27
kek-kura-kura,4.0,grid_connected_solar,pvout_buildable_best_50km,0.1925,98.2,0.0,1103.2,44.52,39.8,64.13,False,False,TECH006,27
kek-kura-kura,6.0,grid_connected_solar,pvout_buildable_best_50km,0.1925,98.2,0.0,1103.2,53.98,48.14,78.23,False,False,TECH006,27
kek-kura-kura,8.0,grid_connected_solar,pvout_buildable_best_50km,0.1925,98.2,0.0,1103.2,64.29,57.24,93.58,False,False,TECH006,27
kek-kura-kura,10.0,grid_connected_solar,pvout_buildable_best_50km,0.1925,98.2,0.0,1103.2,75.29,66.94,109.96,False,False,TECH006,27
kek-kura-kura,12.0,grid_connected_solar,pvout_buildable_best_50km,0.1925,98.2,0.0,1103.2,86.83,77.12,127.16,False,False,TECH006,27
kek-kura-kura,14.0,grid_connected_solar,pvout_buildable_best_50km,0.1925,98.2,0.0,1103.2,98.8,87.68,144.99,False,False,TECH006,27
kek-kura-kura,16.0,grid_connected_solar,pvout_buildable_best_50km,0.1925,98.2,0.0,1103.2,111.08,98.52,163.28,False,False,TECH006,27
kek-kura-kura,18.0,grid_connected_solar,pvout_buildable_best_50km,0.1925,98.2,0.0,1103.2,123.6,109.55,181.92,False,False,TECH006,27
kek-kura-kura,20.0,grid_connected_solar,pvout_buildable_best_50km,0.1925,98.2,0.0,1103.2,136.28,120.74,200.81,False,False,TECH006,27
kek-galang-batang,4.0,within_boundary,pvout_within_boundary,0.1501,0.0,0.0,960.0,50.41,44.35,75.55,False,False,TECH006,27
kek-galang-batang,6.0,within_boundary,pvout_within_boundary,0.1501,0.0,0.0,960.0,60.96,53.48,92.04,False,False,TECH006,27
kek-galang-batang,8.0,within_boundary,pvout_within_boundary,0.1501,0.0,0.0,960.0,72.46,63.42,110.01,False,False,TECH006,27
kek-galang-batang,10.0,within_boundary,pvout_within_boundary,0.1501,0.0,0.0,960.0,84.73,74.03,129.18,False,False,TECH006,27
kek-galang-batang,12.0,within_boundary,pvout_within_boundary,0.1501,0.0,0.0,960.0,97.61,85.16,149.31,False,False,TECH006,27
kek-galang-batang,14.0,within_boundary,pvout_within_boundary,0.1501,0.0,0.0,960.0,110.96,96.71,170.17,False,False,TECH006,27
kek-galang-batang,16.0,within_boundary,pvout_within_boundary,0.1501,0.0,0.0,960.0,124.66,108.55,191.58,False,False,TECH006,27
kek-galang-batang,18.0,within_boundary,pvout_within_boundary,0.1501,0.0,0.0,960.0,138.62,120.62,213.39,False,False,TECH006,27
kek-galang-batang,20.0,within_boundary,pvout_within_boundary,0.1501,0.0,0.0,960.0,152.77,132.85,235.5,False,False,TECH006,27
kek-galang-batang,4.0,grid_connected_solar,pvout_buildable_best_50km,0.1546,233.8,0.0,1238.8,61.56,55.68,85.98,False,False,TECH006,27
kek-galang-batang,6.0,grid_connected_solar,pvout_buildable_best_50km,0.1546,233.8,0.0,1238.8,74.79,67.52,104.97,False,False,TECH006,27
kek-galang-batang,8.0,grid_connected_solar,pvout_buildable_best_50km,0.1546,233.8,0.0,1238.8,89.2,80.42,125.66,False,False,TECH006,27
kek-galang-batang,10.0,grid_connected_solar,pvout_buildable_best_50km,0.1546,233.8,0.0,1238.8,104.57,94.18,147.74,False,False,TECH006,27
kek-galang-batang,12.0,grid_connected_solar,pvout_buildable_best_50km,0.1546,233.8,0.0,1238.8,120.72,108.63,170.92,False,False,TECH006,27
kek-galang-batang,14.0,grid_connected_solar,pvout_buildable_best_50km,0.1546,233.8,0.0,1238.8,137.45,123.61,194.95,False,False,TECH006,27
kek-galang-batang,16.0,grid_connected_solar,pvout_buildable_best_50km,0.1546,233.8,0.0,1238.8,154.62,138.98,219.6,False,False,TECH006,27
kek-galang-batang,18.0,grid_connected_solar,pvout_buildable_best_50km,0.1546,233.8,0.0,1238.8,172.11,154.64,244.72,False,False,TECH006,27
kek-galang-batang,20.0,grid_connected_solar,pvout_buildable_best_50km,0.1546,233.8,0.0,1238.8,189.84,170.5,270.18,False,False,TECH006,27
kek-maloy-batuta,4.0,within_boundary,pvout_within_boundary,0.156,0.0,0.0,960.0,48.5,42.67,72.69,False,False,TECH006,27
kek-maloy-batuta,6.0,within_boundary,pvout_within_boundary,0.156,0.0,0.0,960.0,58.65,51.45,88.56,False,False,TECH006,27
kek-maloy-batuta,8.0,within_boundary,pvout_within_boundary,0.156,0.0,0.0,960.0,69.72,61.02,105.85,False,False,TECH006,27
kek-maloy-batuta,10.0,within_boundary,pvout_within_boundary,0.156,0.0,0.0,960.0,81.52,71.23,124.3,False,False,TECH006,27
kek-maloy-batuta,12.0,within_boundary,pvout_within_boundary,0.156,0.0,0.0,960.0,93.92,81.94,143.66,False,False,TECH006,27
kek-maloy-batuta,14.0,within_boundary,pvout_within_boundary,0.156,0.0,0.0,960.0,106.76,93.05,163.73,False,False,TECH006,27
kek-maloy-batuta,16.0,within_boundary,pvout_within_boundary,0.156,0.0,0.0,960.0,119.95,104.45,184.33,False,False,TECH006,27
kek-maloy-batuta,18.0,within_boundary,pvout_within_boundary,0.156,0.0,0.0,960.0,133.38,116.06,205.32,False,False,TECH006,27
kek-maloy-batuta,20.0,within_boundary,pvout_within_boundary,0.156,0.0,0.0,960.0,146.99,127.83,226.59,False,False,TECH006,27
kek-maloy-batuta,4.0,grid_connected_solar,pvout_buildable_best_50km,0.1597,190.2,0.0,1195.2,57.68,51.99,81.32,False,False,TECH006,27
kek-maloy-batuta,6.0,grid_connected_solar,pvout_buildable_best_50km,0.1597,190.2,0.0,1195.2,70.03,63.0,99.25,False,False,TECH006,27
kek-maloy-batuta,8.0,grid_connected_solar,pvout_buildable_best_50km,0.1597,190.2,0.0,1195.2,83.49,74.99,118.79,False,False,TECH006,27
kek-maloy-batuta,10.0,grid_connected_solar,pvout_buildable_best_50km,0.1597,190.2,0.0,1195.2,97.85,87.79,139.63,False,False,TECH006,27
kek-maloy-batuta,12.0,grid_connected_solar,pvout_buildable_best_50km,0.1597,190.2,0.0,1195.2,112.92,101.22,161.52,False,False,TECH006,27
kek-maloy-batuta,14.0,grid_connected_solar,pvout_buildable_best_50km,0.1597,190.2,0.0,1195.2,128.55,115.15,184.21,False,False,TECH006,27
kek-maloy-batuta,16.0,grid_connected_solar,pvout_buildable_best_50km,0.1597,190.2,0.0,1195.2,144.58,129.44,207.49,False,False,TECH006,27
kek-maloy-batuta,18.0,grid_connected_solar,pvout_buildable_best_50km,0.1597,190.2,0.0,1195.2,160.92,144.0,231.21,False,False,TECH006,27
kek-maloy-batuta,20.0,grid_connected_solar,pvout_buildable_best_50km,0.1597,190.2,0.0,1195.2,177.48,158.76,255.24,False,False,TECH006,27
kek-nongsa,4.0,within_boundary,pvout_centroid,0.1507,0.0,0.0,960.0,50.23,44.19,75.28,True,False,TECH006,27
kek-nongsa,6.0,within_boundary,pvout_centroid,0.1507,0.0,0.0,960.0,60.74,53.29,91.72,True,False,TECH006,27
kek-nongsa,8.0,within_boundary,pvout_centroid,0.1507,0.0,0.0,960.0,72.2,63.19,109.62,True,False,TECH006,27
kek-nongsa,10.0,within_boundary,pvout_centroid,0.1507,0.0,0.0,960.0,84.43,73.76,128.72,True,False,TECH006,27
kek-nongsa,12.0,within_boundary,pvout_centroid,0.1507,0.0,0.0,960.0,97.26,84.86,148.78,True,False,TECH006,27
kek-nongsa,14.0,within_boundary,pvout_centroid,0.1507,0.0,0.0,960.0,110.57,96.36,169.56,True,False,TECH006,27
kek-nongsa,16.0,within_boundary,pvout_centroid,0.1507,0.0,0.0,960.0,124.22,108.17,190.9,True,False,TECH006,27
kek-nongsa,18.0,within_boundary,pvout_centroid,0.1507,0.0,0.0,960.0,138.13,120.19,212.63,True,False,TECH006,27
kek-nongsa,20.0,within_boundary,pvout_centroid,0.1507,0.0,0.0,960.0,152.23,132.38,234.66,True,False,TECH006,27
kek-nongsa,4.0,grid_connected_solar,pvout_buildable_best_50km,0.1533,169.8,0.0,1174.8,59.16,53.23,83.79,False,False,TECH006,27
kek-nongsa,6.0,grid_connected_solar,pvout_buildable_best_50km,0.1533,169.8,0.0,1174.8,71.81,64.48,102.25,False,False,TECH006,27
kek-nongsa,8.0,grid_connected_solar,pvout_buildable_best_50km,0.1533,169.8,0.0,1174.8,85.59,76.74,122.37,False,False,TECH006,27
kek-nongsa,10.0,grid_connected_solar,pvout_buildable_best_50km,0.1533,169.8,0.0,1174.8,100.3,89.82,143.83,False,False,TECH006,27
kek-nongsa,12.0,grid_connected_solar,pvout_buildable_best_50km,0.1533,169.8,0.0,1174.8,115.74,103.55,166.37,False,False,TECH006,27
kek-nongsa,14.0,grid_connected_solar,pvout_buildable_best_50km,0.1533,169.8,0.0,1174.8,131.74,117.78,189.72,False,False,TECH006,27
kek-nongsa,16.0,grid_connected_solar,pvout_buildable_best_50km,0.1533,169.8,0.0,1174.8,148.16,132.38,213.69,False,False,TECH006,27
kek-nongsa,18.0,grid_connected_solar,pvout_buildable_best_50km,0.1533,169.8,0.0,1174.8,164.89,147.26,238.12,False,False,TECH006,27
kek-nongsa,20.0,grid_connected_solar,pvout_buildable_best_50km,0.1533,169.8,0.0,1174.8,181.85,162.34,262.86,False,False,TECH006,27
kek-mandalika,4.0,within_boundary,pvout_centroid,0.1887,0.0,0.0,960.0,40.11,35.29,60.12,True,False,TECH006,27
kek-mandalika,6.0,within_boundary,pvout_centroid,0.1887,0.0,0.0,960.0,48.51,42.55,73.24,True,False,TECH006,27
kek-mandalika,8.0,within_boundary,pvout_centroid,0.1887,0.0,0.0,960.0,57.66,50.46,87.54,True,False,TECH006,27
kek-mandalika,10.0,within_boundary,pvout_centroid,0.1887,0.0,0.0,960.0,67.42,58.91,102.79,True,False,TECH006,27
kek-mandalika,12.0,within_boundary,pvout_centroid,0.1887,0.0,0.0,960.0,77.67,67.77,118.81,True,False,TECH006,27
kek-mandalika,14.0,within_boundary,pvout_centroid,0.1887,0.0,0.0,960.0,88.3,76.95,135.41,True,False,TECH006,27
kek-mandalika,16.0,within_boundary,pvout_centroid,0.1887,0.0,0.0,960.0,99.2,86.38,152.44,True,False,TECH006,27
kek-mandalika,18.0,within_boundary,pvout_centroid,0.1887,0.0,0.0,960.0,110.31,95.98,169.8,True,False,TECH006,27
kek-mandalika,20.0,within_boundary,pvout_centroid,0.1887,0.0,0.0,960.0,121.56,105.72,187.39,True,False,TECH006,27
kek-mandalika,4.0,grid_connected_solar,pvout_best_50km,0.1975,89.0,0.0,1094.0,43.05,38.45,62.16,True,False,TECH006,27
kek-mandalika,6.0,grid_connected_solar,pvout_best_50km,0.1975,89.0,0.0,1094.0,52.19,46.5,75.81,True,False,TECH006,27
kek-mandalika,8.0,grid_connected_solar,pvout_best_50km,0.1975,89.0,0.0,1094.0,62.15,55.28,90.69,True,False,TECH006,27
kek-mandalika,10.0,grid_connected_solar,pvout_best_50km,0.1975,89.0,0.0,1094.0,72.78,64.64,106.56,True,False,TECH006,27
kek-mandalika,12.0,grid_connected_solar,pvout_best_50km,0.1975,89.0,0.0,1094.0,83.93,74.47,123.22,True,False,TECH006,27
kek-mandalika,14.0,grid_connected_solar,pvout_best_50km,0.1975,89.0,0.0,1094.0,95.5,84.66,140.49,True,False,TECH006,27
kek-mandalika,16.0,grid_connected_solar,pvout_best_50km,0.1975,89.0,0.0,1094.0,107.36,95.12,158.21,True,False,TECH006,27
kek-mandalika,18.0,grid_connected_solar,pvout_best_50km,0.1975,89.0,0.0,1094.0,119.45,105.77,176.27,True,False,TECH006,27
kek-mandalika,20.0,grid_connected_solar,pvout_best_50km,0.1975,89.0,0.0,1094.0,131.7,116.57,194.57,True,False,TECH006,27
kek-batam-aero-technic,4.0,within_boundary,pvout_centroid,0.1518,0.0,0.0,960.0,49.85,43.87,74.72,True,False,TECH006,27
kek-batam-aero-technic,6.0,within_boundary,pvout_centroid,0.1518,0.0,0.0,960.0,60.29,52.89,91.03,True,False,TECH006,27
kek-batam-aero-technic,8.0,within_boundary,pvout_centroid,0.1518,0.0,0.0,960.0,71.66,62.72,108.8,True,False,TECH006,27
kek-batam-aero-technic,10.0,within_boundary,pvout_centroid,0.1518,0.0,0.0,960.0,83.8,73.21,127.76,True,False,TECH006,27
kek-batam-aero-technic,12.0,within_boundary,pvout_centroid,0.1518,0.0,0.0,960.0,96.54,84.23,147.67,True,False,TECH006,27
kek-batam-aero-technic,14.0,within_boundary,pvout_centroid,0.1518,0.0,0.0,960.0,109.74,95.65,168.3,True,False,TECH006,27
kek-batam-aero-technic,16.0,within_boundary,pvout_centroid,0.1518,0.0,0.0,960.0,123.29,107.36,189.47,True,False,TECH006,27
kek-batam-aero-technic,18.0,within_boundary,pvout_centroid,0.1518,0.0,0.0,960.0,137.1,119.3,211.05,True,False,TECH006,27
kek-batam-aero-technic,20.0,within_boundary,pvout_centroid,0.1518,0.0,0.0,960.0,151.09,131.4,232.91,True,False,TECH006,27
kek-batam-aero-technic,4.0,grid_connected_solar,pvout_buildable_best_50km,0.1548,238.1,0.0,1243.0,61.67,55.8,86.06,False,False,TECH006,27
kek-batam-aero-technic,6.0,grid_connected_solar,pvout_buildable_best_50km,0.1548,238.1,0.0,1243.0,74.92,67.67,105.07,False,False,TECH006,27
kek-batam-aero-technic,8.0,grid_connected_solar,pvout_buildable_best_50km,0.1548,238.1,0.0,1243.0,89.36,80.59,125.78,False,False,TECH006,27
kek-batam-aero-technic,10.0,grid_connected_solar,pvout_buildable_best_50km,0.1548,238.1,0.0,1243.0,104.77,94.39,147.88,False,False,TECH006,27
kek-batam-aero-technic,12.0,grid_connected_solar,pvout_buildable_best_50km,0.1548,238.1,0.0,1243.0,120.95,108.88,171.09,False,False,TECH006,27
kek-batam-aero-technic,14.0,grid_connected_solar,pvout_buildable_best_50km,0.1548,238.1,0.0,1243.0,137.71,123.89,195.14,False,False,TECH006,27
kek-batam-aero-technic,16.0,grid_connected_solar,pvout_buildable_best_50km,0.1548,238.1,0.0,1243.0,154.92,139.3,219.82,False,False,TECH006,27
kek-batam-aero-technic,18.0,grid_connected_solar,pvout_buildable_best_50km,0.1548,238.1,0.0,1243.0,172.45,154.99,244.96,False,False,TECH006,27
kek-batam-aero-technic,20.0,grid_connected_solar,pvout_buildable_best_50km,0.1548,238.1,0.0,1243.0,190.22,170.9,270.45,False,False,TECH006,27
kek-tanjung-kelayang,4.0,within_boundary,pvout_within_boundary,0.1479,0.0,0.0,960.0,51.18,45.03,76.71,False,False,TECH006,27
kek-tanjung-kelayang,6.0,within_boundary,pvout_within_boundary,0.1479,0.0,0.0,960.0,61.89,54.3,93.45,False,False,TECH006,27
kek-tanjung-kelayang,8.0,within_boundary,pvout_within_boundary,0.1479,0.0,0.0,960.0,73.57,64.39,111.69,False,False,TECH006,27
kek-tanjung-kelayang,10.0,within_boundary,pvout_within_boundary,0.1479,0.0,0.0,960.0,86.02,75.16,131.16,False,False,TECH006,27
kek-tanjung-kelayang,12.0,within_boundary,pvout_within_boundary,0.1479,0.0,0.0,960.0,99.1,86.47,151.59,False,False,TECH006,27
kek-tanjung-kelayang,14.0,within_boundary,pvout_within_boundary,0.1479,0.0,0.0,960.0,112.66,98.19,172.77,False,False,TECH006,27
kek-tanjung-kelayang,16.0,within_boundary,pvout_within_boundary,0.1479,0.0,0.0,960.0,126.57,110.21,194.51,False,False,TECH006,27
kek-tanjung-kelayang,18.0,within_boundary,pvout_within_boundary,0.1479,0.0,0.0,960.0,140.74,122.47,216.65,False,False,TECH006,27
kek-tanjung-kelayang,20.0,within_boundary,pvout_within_boundary,0.1479,0.0,0.0,960.0,155.11,134.89,239.1,False,False,TECH006,27
kek-tanjung-kelayang,4.0,grid_connected_solar,pvout_buildable_best_50km,0.1507,220.8,0.0,1225.8,62.56,56.53,87.62,False,False,TECH006,27
kek-tanjung-kelayang,6.0,grid_connected_solar,pvout_buildable_best_50km,0.1507,220.8,0.0,1225.8,75.99,68.53,106.96,False,False,TECH006,27
kek-tanjung-kelayang,8.0,grid_connected_solar,pvout_buildable_best_50km,0.1507,220.8,0.0,1225.8,90.62,81.61,128.03,False,False,TECH006,27
kek-tanjung-kelayang,10.0,grid_connected_solar,pvout_buildable_best_50km,0.1507,220.8,0.0,1225.8,106.23,95.57,150.52,False,False,TECH006,27
kek-tanjung-kelayang,12.0,grid_connected_solar,pvout_buildable_best_50km,0.1507,220.8,0.0,1225.8,122.62,110.22,174.13,False,False,TECH006,27
kek-tanjung-kelayang,14.0,grid_connected_solar,pvout_buildable_best_50km,0.1507,220.8,0.0,1225.8,139.61,125.4,198.6,False,False,TECH006,27
kek-tanjung-kelayang,16.0,grid_connected_solar,pvout_buildable_best_50km,0.1507,220.8,0.0,1225.8,157.04,140.99,223.72,False,False,TECH006,27
kek-tanjung-kelayang,18.0,grid_connected_solar,pvout_buildable_best_50km,0.1507,220.8,0.0,1225.8,174.8,156.87,249.3,False,False,TECH006,27
kek-tanjung-kelayang,20.0,grid_connected_solar,pvout_buildable_best_50km,0.1507,220.8,0.0,1225.8,192.8,172.96,275.23,False,False,TECH006,27
kek-lido,4.0,within_boundary,pvout_within_boundary,0.1431,0.0,0.0,960.0,52.87,46.52,79.25,False,False,TECH006,27
kek-lido,6.0,within_boundary,pvout_within_boundary,0.1431,0.0,0.0,960.0,63.95,56.1,96.55,False,False,TECH006,27
kek-lido,8.0,within_boundary,pvout_within_boundary,0.1431,0.0,0.0,960.0,76.01,66.52,115.4,False,False,TECH006,27
kek-lido,10.0,within_boundary,pvout_within_boundary,0.1431,0.0,0.0,960.0,88.88,77.65,135.51,False,False,TECH006,27
kek-lido,12.0,within_boundary,pvout_within_boundary,0.1431,0.0,0.0,960.0,102.39,89.34,156.62,False,False,TECH006,27
kek-lido,14.0,within_boundary,pvout_within_boundary,0.1431,0.0,0.0,960.0,116.4,101.44,178.5,False,False,TECH006,27
kek-lido,16.0,within_boundary,pvout_within_boundary,0.1431,0.0,0.0,960.0,130.77,113.87,200.96,False,False,TECH006,27
kek-lido,18.0,within_boundary,pvout_within_boundary,0.1431,0.0,0.0,960.0,145.41,126.53,223.84,False,False,TECH006,27
kek-lido,20.0,within_boundary,pvout_within_boundary,0.1431,0.0,0.0,960.0,160.25,139.36,247.03,False,False,TECH006,27
kek-lido,4.0,grid_connected_solar,pvout_buildable_best_50km,0.1617,129.4,0.0,1134.4,54.33,48.71,77.68,False,False,TECH006,27
kek-lido,6.0,grid_connected_solar,pvout_buildable_best_50km,0.1617,129.4,0.0,1134.4,65.91,58.97,94.77,False,False,TECH006,27
kek-lido,8.0,grid_connected_solar,pvout_buildable_best_50km,0.1617,129.4,0.0,1134.4,78.53,70.13,113.38,False,False,TECH006,27
kek-lido,10.0,grid_connected_solar,pvout_buildable_best_50km,0.1617,129.4,0.0,1134.4,91.99,82.05,133.25,False,False,TECH006,27
kek-lido,12.0,grid_connected_solar,pvout_buildable_best_50km,0.1617,129.4,0.0,1134.4,106.12,94.56,154.11,False,False,TECH006,27
kek-lido,14.0,grid_connected_solar,pvout_buildable_best_50km,0.1617,129.4,0.0,1134.4,120.76,107.53,175.73,False,False,TECH006,27
kek-lido,16.0,grid_connected_solar,pvout_buildable_best_50km,0.1617,129.4,0.0,1134.4,135.79,120.84,197.91,False,False,TECH006,27
kek-lido,18.0,grid_connected_solar,pvout_buildable_best_50km,0.1617,129.4,0.0,1134.4,151.11,134.4,220.52,False,False,TECH006,27
kek-lido,20.0,grid_connected_solar,pvout_buildable_best_50km,0.1617,129.4,0.0,1134.4,166.63,148.14,243.42,False,False,TECH006,27
kek-tanjung-lesung,4.0,within_boundary,pvout_centroid,0.1576,0.0,0.0,960.0,48.02,42.25,71.98,True,False,TECH006,27
kek-tanjung-lesung,6.0,within_boundary,pvout_centroid,0.1576,0.0,0.0,960.0,58.08,50.95,87.69,True,False,TECH006,27
kek-tanjung-lesung,8.0,within_boundary,pvout_centroid,0.1576,0.0,0.0,960.0,69.03,60.42,104.8,True,False,TECH006,27
kek-tanjung-lesung,10.0,within_boundary,pvout_centroid,0.1576,0.0,0.0,960.0,80.72,70.53,123.07,True,False,TECH006,27
kek-tanjung-lesung,12.0,within_boundary,pvout_centroid,0.1576,0.0,0.0,960.0,92.99,81.14,142.25,True,False,TECH006,27
kek-tanjung-lesung,14.0,within_boundary,pvout_centroid,0.1576,0.0,0.0,960.0,105.71,92.13,162.12,True,False,TECH006,27
kek-tanjung-lesung,16.0,within_boundary,pvout_centroid,0.1576,0.0,0.0,960.0,118.77,103.42,182.52,True,False,TECH006,27
kek-tanjung-lesung,18.0,within_boundary,pvout_centroid,0.1576,0.0,0.0,960.0,132.07,114.92,203.3,True,False,TECH006,27
kek-tanjung-lesung,20.0,within_boundary,pvout_centroid,0.1576,0.0,0.0,960.0,145.54,126.57,224.36,True,False,TECH006,27
kek-tanjung-lesung,4.0,grid_connected_solar,pvout_best_50km,0.168,125.3,0.0,1130.3,52.12,46.71,74.58,True,False,TECH006,27
kek-tanjung-lesung,6.0,grid_connected_solar,pvout_best_50km,0.168,125.3,0.0,1130.3,63.22,56.54,90.99,True,False,TECH006,27
kek-tanjung-lesung,8.0,grid_connected_solar,pvout_best_50km,0.168,125.3,0.0,1130.3,75.32,67.24,108.86,True,False,TECH006,27
kek-tanjung-lesung,10.0,grid_connected_solar,pvout_best_50km,0.168,125.3,0.0,1130.3,88.22,78.66,127.94,True,False,TECH006,27
kek-tanjung-lesung,12.0,grid_connected_solar,pvout_best_50km,0.168,125.3,0.0,1130.3,101.77,90.65,147.96,True,False,TECH006,27
kek-tanjung-lesung,14.0,grid_connected_solar,pvout_best_50km,0.168,125.3,0.0,1130.3,115.82,103.08,168.71,True,False,TECH006,27
kek-tanjung-lesung,16.0,grid_connected_solar,pvout_best_50km,0.168,125.3,0.0,1130.3,130.23,115.84,190.01,True,False,TECH006,27
kek-tanjung-lesung,18.0,grid_connected_solar,pvout_best_50km,0.168,125.3,0.0,1130.3,144.91,128.83,211.71,True,False,TECH006,27
kek-tanjung-lesung,20.0,grid_connected_solar,pvout_best_50km,0.168,125.3,0.0,1130.3,159.79,142.0,233.7,True,False,TECH006,27
kek-sei-mangkei,4.0,within_boundary,pvout_within_boundary,0.1508,0.0,0.0,960.0,50.2,44.17,75.24,False,False,TECH006,27
kek-sei-mangkei,6.0,within_boundary,pvout_within_boundary,0.1508,0.0,0.0,960.0,60.71,53.26,91.66,False,False,TECH006,27
kek-sei-mangkei,8.0,within_boundary,pvout_within_boundary,0.1508,0.0,0.0,960.0,72.16,63.15,109.55,False,False,TECH006,27
kek-sei-mangkei,10.0,within_boundary,pvout_within_boundary,0.1508,0.0,0.0,960.0,84.38,73.72,128.64,False,False,TECH006,27
kek-sei-mangkei,12.0,within_boundary,pvout_within_boundary,0.1508,0.0,0.0,960.0,97.2,84.81,148.69,False,False,TECH006,27
kek-sei-mangkei,14.0,within_boundary,pvout_within_boundary,0.1508,0.0,0.0,960.0,110.5,96.3,169.46,False,False,TECH006,27
kek-sei-mangkei,16.0,within_boundary,pvout_within_boundary,0.1508,0.0,0.0,960.0,124.14,108.1,190.78,False,False,TECH006,27
kek-sei-mangkei,18.0,within_boundary,pvout_within_boundary,0.1508,0.0,0.0,960.0,138.05,120.12,212.5,False,False,TECH006,27
kek-sei-mangkei,20.0,within_boundary,pvout_within_boundary,0.1508,0.0,0.0,960.0,152.13,132.3,234.51,False,False,TECH006,27
kek-sei-mangkei,4.0,grid_connected_solar,pvout_buildable_best_50km,0.1559,139.1,0.0,1144.0,56.8,50.97,81.02,False,False,TECH006,27
kek-sei-mangkei,6.0,grid_connected_solar,pvout_buildable_best_50km,0.1559,139.1,0.0,1144.0,68.91,61.71,98.85,False,False,TECH006,27
kek-sei-mangkei,8.0,grid_connected_solar,pvout_buildable_best_50km,0.1559,139.1,0.0,1144.0,82.11,73.4,118.27,False,False,TECH006,27
kek-sei-mangkei,10.0,grid_connected_solar,pvout_buildable_best_50km,0.1559,139.1,0.0,1144.0,96.19,85.89,139.0,False,False,TECH006,27
kek-sei-mangkei,12.0,grid_connected_solar,pvout_buildable_best_50km,0.1559,139.1,0.0,1144.0,110.98,98.99,160.77,False,False,TECH006,27
kek-sei-mangkei,14.0,grid_connected_solar,pvout_buildable_best_50km,0.1559,139.1,0.0,1144.0,126.3,112.57,183.32,False,False,TECH006,27
kek-sei-mangkei,16.0,grid_connected_solar,pvout_buildable_best_50km,0.1559,139.1,0.0,1144.0,142.03,126.51,206.47,False,False,TECH006,27
kek-sei-mangkei,18.0,grid_connected_solar,pvout_buildable_best_50km,0.1559,139.1,0.0,1144.0,158.05,140.71,230.06,False,False,TECH006,27
kek-sei-mangkei,20.0,grid_connected_solar,pvout_buildable_best_50km,0.1559,139.1,0.0,1144.0,174.29,155.11,253.96,False,False,TECH006,27
