site_id,wacc_pct,scenario,cf_wind_used,wind_speed_ms,connection_cost_per_kw,effective_capex_usd_per_kw,lcoe_usd_mwh,lcoe_low_usd_mwh,lcoe_high_usd_mwh,is_capex_provisional,tech_id,lifetime_yr
industropolis-batang,4.0,within_boundary,0.05,3.01,0.0,1650.0,322.02,259.1,419.89,False,TECH_WIND_ONSHORE,27
industropolis-batang,6.0,within_boundary,0.05,3.01,0.0,1650.0,376.48,298.71,497.46,False,TECH_WIND_ONSHORE,27
industropolis-batang,8.0,within_boundary,0.05,3.01,0.0,1650.0,435.82,341.87,581.97,False,TECH_WIND_ONSHORE,27
industropolis-batang,10.0,within_boundary,0.05,3.01,0.0,1650.0,499.14,387.92,672.16,False,TECH_WIND_ONSHORE,27
industropolis-batang,12.0,within_boundary,0.05,3.01,0.0,1650.0,565.62,436.27,766.84,False,TECH_WIND_ONSHORE,27
industropolis-batang,14.0,within_boundary,0.05,3.01,0.0,1650.0,634.52,486.37,864.96,False,TECH_WIND_ONSHORE,27
industropolis-batang,16.0,within_boundary,0.05,3.01,0.0,1650.0,705.23,537.8,965.67,False,TECH_WIND_ONSHORE,27
industropolis-batang,18.0,within_boundary,0.05,3.01,0.0,1650.0,777.27,590.19,1068.27,False,TECH_WIND_ONSHORE,27
industropolis-batang,20.0,within_boundary,0.05,3.01,0.0,1650.0,850.27,643.29,1172.25,False,TECH_WIND_ONSHORE,27
industropolis-batang,4.0,grid_connected_solar,0.2822,7.74,97.5,1792.5,60.58,49.44,77.93,False,TECH_WIND_ONSHORE,27
industropolis-batang,6.0,grid_connected_solar,0.2822,7.74,97.5,1792.5,71.07,57.29,92.5,False,TECH_WIND_ONSHORE,27
industropolis-batang,8.0,grid_connected_solar,0.2822,7.74,97.5,1792.5,82.49,65.84,108.38,False,TECH_WIND_ONSHORE,27
industropolis-batang,10.0,grid_connected_solar,0.2822,7.74,97.5,1792.5,94.68,74.97,125.33,False,TECH_WIND_ONSHORE,27
industropolis-batang,12.0,grid_connected_solar,0.2822,7.74,97.5,1792.5,107.47,84.56,143.13,False,TECH_WIND_ONSHORE,27
industropolis-batang,14.0,grid_connected_solar,0.2822,7.74,97.5,1792.5,120.74,94.49,161.57,False,TECH_WIND_ONSHORE,27
industropolis-batang,16.0,grid_connected_solar,0.2822,7.74,97.5,1792.5,134.35,104.68,180.49,False,TECH_WIND_ONSHORE,27
industropolis-batang,18.0,grid_connected_solar,0.2822,7.74,97.5,1792.5,148.21,115.07,199.77,False,TECH_WIND_ONSHORE,27
industropolis-batang,20.0,grid_connected_solar,0.2822,7.74,97.5,1792.5,162.26,125.59,219.31,False,TECH_WIND_ONSHORE,27
batam-tourism-and-international-healthcare,4.0,within_boundary,0.0909,4.16,0.0,1650.0,177.13,142.52,230.96,False,TECH_WIND_ONSHORE,27
batam-tourism-and-international-healthcare,6.0,within_boundary,0.0909,4.16,0.0,1650.0,207.09,164.31,273.63,False,TECH_WIND_ONSHORE,27
batam-tourism-and-international-healthcare,8.0,within_boundary,0.0909,4.16,0.0,1650.0,239.73,188.05,320.12,False,TECH_WIND_ONSHORE,27
batam-tourism-and-international-healthcare,10.0,within_boundary,0.0909,4.16,0.0,1650.0,274.56,213.38,369.72,False,TECH_WIND_ONSHORE,27
batam-tourism-and-international-healthcare,12.0,within_boundary,0.0909,4.16,0.0,1650.0,311.12,239.97,421.8,False,TECH_WIND_ONSHORE,27
batam-tourism-and-international-healthcare,14.0,within_boundary,0.0909,4.16,0.0,1650.0,349.02,267.53,475.78,False,TECH_WIND_ONSHORE,27
batam-tourism-and-international-healthcare,16.0,within_boundary,0.0909,4.16,0.0,1650.0,387.91,295.82,531.17,False,TECH_WIND_ONSHORE,27
batam-tourism-and-international-healthcare,18.0,within_boundary,0.0909,4.16,0.0,1650.0,427.54,324.64,587.61,False,TECH_WIND_ONSHORE,27
batam-tourism-and-international-healthcare,20.0,within_boundary,0.0909,4.16,0.0,1650.0,467.7,353.84,644.8,False,TECH_WIND_ONSHORE,27
batam-tourism-and-international-healthcare,4.0,grid_connected_solar,0.1695,5.28,169.8,1864.8,103.85,85.29,132.72,False,TECH_WIND_ONSHORE,27
batam-tourism-and-international-healthcare,6.0,grid_connected_solar,0.1695,5.28,169.8,1864.8,122.01,99.07,157.7,False,TECH_WIND_ONSHORE,27
batam-tourism-and-international-healthcare,8.0,grid_connected_solar,0.1695,5.28,169.8,1864.8,141.79,114.08,184.91,False,TECH_WIND_ONSHORE,27
batam-tourism-and-international-healthcare,10.0,grid_connected_solar,0.1695,5.28,169.8,1864.8,162.9,130.1,213.94,False,TECH_WIND_ONSHORE,27
batam-tourism-and-international-healthcare,12.0,grid_connected_solar,0.1695,5.28,169.8,1864.8,185.07,146.91,244.42,False,TECH_WIND_ONSHORE,27
batam-tourism-and-international-healthcare,14.0,grid_connected_solar,0.1695,5.28,169.8,1864.8,208.04,164.34,276.02,False,TECH_WIND_ONSHORE,27
batam-tourism-and-international-healthcare,16.0,grid_connected_solar,0.1695,5.28,169.8,1864.8,231.61,182.22,308.44,False,TECH_WIND_ONSHORE,27
batam-tourism-and-international-healthcare,18.0,grid_connected_solar,0.1695,5.28,169.8,1864.8,255.63,200.45,341.47,False,TECH_WIND_ONSHORE,27
batam-tourism-and-international-healthcare,20.0,grid_connected_solar,0.1695,5.28,169.8,1864.8,279.97,218.91,374.95,False,TECH_WIND_ONSHORE,27
bumi-serpong-damai,4.0,within_boundary,0.05,3.07,0.0,1650.0,322.02,259.1,419.89,False,TECH_WIND_ONSHORE,27
bumi-serpong-damai,6.0,within_boundary,0.05,3.07,0.0,1650.0,376.48,298.71,497.46,False,TECH_WIND_ONSHORE,27
bumi-serpong-damai,8.0,within_boundary,0.05,3.07,0.0,1650.0,435.82,341.87,581.97,False,TECH_WIND_ONSHORE,27
bumi-serpong-damai,10.0,within_boundary,0.05,3.07,0.0,1650.0,499.14,387.92,672.16,False,TECH_WIND_ONSHORE,27
bumi-serpong-damai,12.0,within_boundary,0.05,3.07,0.0,1650.0,565.62,436.27,766.84,False,TECH_WIND_ONSHORE,27
bumi-serpong-damai,14.0,within_boundary,0.05,3.07,0.0,1650.0,634.52,486.37,864.96,False,TECH_WIND_ONSHORE,27
bumi-serpong-damai,16.0,within_boundary,0.05,3.07,0.0,1650.0,705.23,537.8,965.67,False,TECH_WIND_ONSHORE,27
bumi-serpong-damai,18.0,within_boundary,0.05,3.07,0.0,1650.0,777.27,590.19,1068.27,False,TECH_WIND_ONSHORE,27
bumi-serpong-damai,20.0,within_boundary,0.05,3.07,0.0,1650.0,850.27,643.29,1172.25,False,TECH_WIND_ONSHORE,27
bumi-serpong-damai,4.0,grid_connected_solar,0.1945,5.64,125.3,1820.3,88.9,72.73,114.06,False,TECH_WIND_ONSHORE,27
bumi-serpong-damai,6.0,grid_connected_solar,0.1945,5.64,125.3,1820.3,104.35,84.36,135.45,False,TECH_WIND_ONSHORE,27
bumi-serpong-damai,8.0,grid_connected_solar,0.1945,5.64,125.3,1820.3,121.18,97.02,158.75,False,TECH_WIND_ONSHORE,27
bumi-serpong-damai,10.0,grid_connected_solar,0.1945,5.64,125.3,1820.3,139.14,110.54,183.61,False,TECH_WIND_ONSHORE,27
bumi-serpong-damai,12.0,grid_connected_solar,0.1945,5.64,125.3,1820.3,157.99,124.74,209.71,False,TECH_WIND_ONSHORE,27
bumi-serpong-damai,14.0,grid_connected_solar,0.1945,5.64,125.3,1820.3,177.53,139.44,236.77,False,TECH_WIND_ONSHORE,27
bumi-serpong-damai,16.0,grid_connected_solar,0.1945,5.64,125.3,1820.3,197.58,154.54,264.53,False,TECH_WIND_ONSHORE,27
bumi-serpong-damai,18.0,grid_connected_solar,0.1945,5.64,125.3,1820.3,218.01,169.92,292.82,False,TECH_WIND_ONSHORE,27
bumi-serpong-damai,20.0,grid_connected_solar,0.1945,5.64,125.3,1820.3,238.72,185.51,321.49,False,TECH_WIND_ONSHORE,27
setangga,4.0,within_boundary,0.05,3.2,0.0,1650.0,322.02,259.1,419.89,False,TECH_WIND_ONSHORE,27
setangga,6.0,within_boundary,0.05,3.2,0.0,1650.0,376.48,298.71,497.46,False,TECH_WIND_ONSHORE,27
setangga,8.0,within_boundary,0.05,3.2,0.0,1650.0,435.82,341.87,581.97,False,TECH_WIND_ONSHORE,27
setangga,10.0,within_boundary,0.05,3.2,0.0,1650.0,499.14,387.92,672.16,False,TECH_WIND_ONSHORE,27
setangga,12.0,within_boundary,0.05,3.2,0.0,1650.0,565.62,436.27,766.84,False,TECH_WIND_ONSHORE,27
setangga,14.0,within_boundary,0.05,3.2,0.0,1650.0,634.52,486.37,864.96,False,TECH_WIND_ONSHORE,27
setangga,16.0,within_boundary,0.05,3.2,0.0,1650.0,705.23,537.8,965.67,False,TECH_WIND_ONSHORE,27
setangga,18.0,within_boundary,0.05,3.2,0.0,1650.0,777.27,590.19,1068.27,False,TECH_WIND_ONSHORE,27
setangga,20.0,within_boundary,0.05,3.2,0.0,1650.0,850.27,643.29,1172.25,False,TECH_WIND_ONSHORE,27
setangga,4.0,grid_connected_solar,0.1929,5.61,139.6,1834.6,90.16,73.85,115.53,False,TECH_WIND_ONSHORE,27
setangga,6.0,grid_connected_solar,0.1929,5.61,139.6,1834.6,105.85,85.7,137.21,False,TECH_WIND_ONSHORE,27
setangga,8.0,grid_connected_solar,0.1929,5.61,139.6,1834.6,122.96,98.6,160.84,False,TECH_WIND_ONSHORE,27
setangga,10.0,grid_connected_solar,0.1929,5.61,139.6,1834.6,141.21,112.38,186.05,False,TECH_WIND_ONSHORE,27
setangga,12.0,grid_connected_solar,0.1929,5.61,139.6,1834.6,160.36,126.84,212.52,False,TECH_WIND_ONSHORE,27
setangga,14.0,grid_connected_solar,0.1929,5.61,139.6,1834.6,180.22,141.82,239.95,False,TECH_WIND_ONSHORE,27
setangga,16.0,grid_connected_solar,0.1929,5.61,139.6,1834.6,200.6,157.2,268.11,False,TECH_WIND_ONSHORE,27
setangga,18.0,grid_connected_solar,0.1929,5.61,139.6,1834.6,221.36,172.87,296.79,False,TECH_WIND_ONSHORE,27
setangga,20.0,grid_connected_solar,0.1929,5.61,139.6,1834.6,242.4,188.75,325.86,False,TECH_WIND_ONSHORE,27
tanjung-sauh,4.0,within_boundary,0.1046,4.35,0.0,1650.0,153.93,123.85,200.71,False,TECH_WIND_ONSHORE,27
tanjung-sauh,6.0,within_boundary,0.1046,4.35,0.0,1650.0,179.96,142.79,237.79,False,TECH_WIND_ONSHORE,27
tanjung-sauh,8.0,within_boundary,0.1046,4.35,0.0,1650.0,208.33,163.42,278.19,False,TECH_WIND_ONSHORE,27
tanjung-sauh,10.0,within_boundary,0.1046,4.35,0.0,1650.0,238.6,185.43,321.3,False,TECH_WIND_ONSHORE,27
tanjung-sauh,12.0,within_boundary,0.1046,4.35,0.0,1650.0,270.37,208.54,366.56,False,TECH_WIND_ONSHORE,27
tanjung-sauh,14.0,within_boundary,0.1046,4.35,0.0,1650.0,303.31,232.49,413.46,False,TECH_WIND_ONSHORE,27
tanjung-sauh,16.0,within_boundary,0.1046,4.35,0.0,1650.0,337.11,257.07,461.6,False,TECH_WIND_ONSHORE,27
tanjung-sauh,18.0,within_boundary,0.1046,4.35,0.0,1650.0,371.54,282.12,510.65,False,TECH_WIND_ONSHORE,27
tanjung-sauh,20.0,within_boundary,0.1046,4.35,0.0,1650.0,406.44,307.5,560.35,False,TECH_WIND_ONSHORE,27
tanjung-sauh,4.0,grid_connected_solar,0.2277,6.23,234.6,1929.6,79.29,65.48,100.79,False,TECH_WIND_ONSHORE,27
tanjung-sauh,6.0,grid_connected_solar,0.2277,6.23,234.6,1929.6,93.28,76.2,119.85,False,TECH_WIND_ONSHORE,27
tanjung-sauh,8.0,grid_connected_solar,0.2277,6.23,234.6,1929.6,108.52,87.89,140.61,False,TECH_WIND_ONSHORE,27
tanjung-sauh,10.0,grid_connected_solar,0.2277,6.23,234.6,1929.6,124.78,100.36,162.77,False,TECH_WIND_ONSHORE,27
tanjung-sauh,12.0,grid_connected_solar,0.2277,6.23,234.6,1929.6,141.85,113.45,186.04,False,TECH_WIND_ONSHORE,27
tanjung-sauh,14.0,grid_connected_solar,0.2277,6.23,234.6,1929.6,159.54,127.01,210.15,False,TECH_WIND_ONSHORE,27
tanjung-sauh,16.0,grid_connected_solar,0.2277,6.23,234.6,1929.6,177.7,140.94,234.89,False,TECH_WIND_ONSHORE,27
tanjung-sauh,18.0,grid_connected_solar,0.2277,6.23,234.6,1929.6,196.2,155.12,260.1,False,TECH_WIND_ONSHORE,27
tanjung-sauh,20.0,grid_connected_solar,0.2277,6.23,234.6,1929.6,214.95,169.5,285.65,False,TECH_WIND_ONSHORE,27
kek-arun-lhokseumawe,4.0,within_boundary,0.05,3.57,0.0,1650.0,322.02,259.1,419.89,False,TECH_WIND_ONSHORE,27
kek-arun-lhokseumawe,6.0,within_boundary,0.05,3.57,0.0,1650.0,376.48,298.71,497.46,False,TECH_WIND_ONSHORE,27
kek-arun-lhokseumawe,8.0,within_boundary,0.05,3.57,0.0,1650.0,435.82,341.87,581.97,False,TECH_WIND_ONSHORE,27
kek-arun-lhokseumawe,10.0,within_boundary,0.05,3.57,0.0,1650.0,499.14,387.92,672.16,False,TECH_WIND_ONSHORE,27
kek-arun-lhokseumawe,12.0,within_boundary,0.05,3.57,0.0,1650.0,565.62,436.27,766.84,False,TECH_WIND_ONSHORE,27
kek-arun-lhokseumawe,14.0,within_boundary,0.05,3.57,0.0,1650.0,634.52,486.37,864.96,False,TECH_WIND_ONSHORE,27
kek-arun-lhokseumawe,16.0,within_boundary,0.05,3.57,0.0,1650.0,705.23,537.8,965.67,False,TECH_WIND_ONSHORE,27
kek-arun-lhokseumawe,18.0,within_boundary,0.05,3.57,0.0,1650.0,777.27,590.19,1068.27,False,TECH_WIND_ONSHORE,27
kek-arun-lhokseumawe,20.0,within_boundary,0.05,3.57,0.0,1650.0,850.27,643.29,1172.25,False,TECH_WIND_ONSHORE,27
kek-arun-lhokseumawe,4.0,grid_connected_solar,0.2415,6.65,85.6,1780.6,70.45,57.42,90.71,False,TECH_WIND_ONSHORE,27
kek-arun-lhokseumawe,6.0,grid_connected_solar,0.2415,6.65,85.6,1780.6,82.62,66.52,107.67,False,TECH_WIND_ONSHORE,27
kek-arun-lhokseumawe,8.0,grid_connected_solar,0.2415,6.65,85.6,1780.6,95.88,76.43,126.14,False,TECH_WIND_ONSHORE,27
kek-arun-lhokseumawe,10.0,grid_connected_solar,0.2415,6.65,85.6,1780.6,110.03,87.0,145.85,False,TECH_WIND_ONSHORE,27
kek-arun-lhokseumawe,12.0,grid_connected_solar,0.2415,6.65,85.6,1780.6,124.88,98.1,166.54,False,TECH_WIND_ONSHORE,27
kek-arun-lhokseumawe,14.0,grid_connected_solar,0.2415,6.65,85.6,1780.6,140.27,109.6,187.98,False,TECH_WIND_ONSHORE,27
kek-arun-lhokseumawe,16.0,grid_connected_solar,0.2415,6.65,85.6,1780.6,156.07,121.41,209.99,False,TECH_WIND_ONSHORE,27
kek-arun-lhokseumawe,18.0,grid_connected_solar,0.2415,6.65,85.6,1780.6,172.17,133.43,232.42,False,TECH_WIND_ONSHORE,27
kek-arun-lhokseumawe,20.0,grid_connected_solar,0.2415,6.65,85.6,1780.6,188.48,145.62,255.14,False,TECH_WIND_ONSHORE,27
kek-sanur,4.0,within_boundary,0.05,3.36,0.0,1650.0,322.02,259.1,419.89,False,TECH_WIND_ONSHORE,27
kek-sanur,6.0,within_boundary,0.05,3.36,0.0,1650.0,376.48,298.71,497.46,False,TECH_WIND_ONSHORE,27
kek-sanur,8.0,within_boundary,0.05,3.36,0.0,1650.0,435.82,341.87,581.97,False,TECH_WIND_ONSHORE,27
kek-sanur,10.0,within_boundary,0.05,3.36,0.0,1650.0,499.14,387.92,672.16,False,TECH_WIND_ONSHORE,27
kek-sanur,12.0,within_boundary,0.05,3.36,0.0,1650.0,565.62,436.27,766.84,False,TECH_WIND_ONSHORE,27
kek-sanur,14.0,within_boundary,0.05,3.36,0.0,1650.0,634.52,486.37,864.96,False,TECH_WIND_ONSHORE,27
kek-sanur,16.0,within_boundary,0.05,3.36,0.0,1650.0,705.23,537.8,965.67,False,TECH_WIND_ONSHORE,27
kek-sanur,18.0,within_boundary,0.05,3.36,0.0,1650.0,777.27,590.19,1068.27,False,TECH_WIND_ONSHORE,27
kek-sanur,20.0,within_boundary,0.05,3.36,0.0,1650.0,850.27,643.29,1172.25,False,TECH_WIND_ONSHORE,27
kek-sanur,4.0,grid_connected_solar,0.2928,7.96,247.5,1942.5,61.97,51.23,78.69,False,TECH_WIND_ONSHORE,27
kek-sanur,6.0,grid_connected_solar,0.2928,7.96,247.5,1942.5,72.92,59.64,93.58,False,TECH_WIND_ONSHORE,27
kek-sanur,8.0,grid_connected_solar,0.2928,7.96,247.5,1942.5,84.85,68.81,109.81,False,TECH_WIND_ONSHORE,27
kek-sanur,10.0,grid_connected_solar,0.2928,7.96,247.5,1942.5,97.58,78.59,127.13,False,TECH_WIND_ONSHORE,27
kek-sanur,12.0,grid_connected_solar,0.2928,7.96,247.5,1942.5,110.95,88.86,145.31,False,TECH_WIND_ONSHORE,27
kek-sanur,14.0,grid_connected_solar,0.2928,7.96,247.5,1942.5,124.8,99.5,164.15,False,TECH_WIND_ONSHORE,27
kek-sanur,16.0,grid_connected_solar,0.2928,7.96,247.5,1942.5,139.01,110.42,183.49,False,TECH_WIND_ONSHORE,27
kek-sanur,18.0,grid_connected_solar,0.2928,7.96,247.5,1942.5,153.49,121.55,203.19,False,TECH_WIND_ONSHORE,27
kek-sanur,20.0,grid_connected_solar,0.2928,7.96,247.5,1942.5,168.17,132.83,223.15,False,TECH_WIND_ONSHORE,27
kek-kendal,4.0,within_boundary,0.05,3.49,0.0,1650.0,322.02,259.1,419.89,False,TECH_WIND_ONSHORE,27
kek-kendal,6.0,within_boundary,0.05,3.49,0.0,1650.0,376.48,298.71,497.46,False,TECH_WIND_ONSHORE,27
kek-kendal,8.0,within_boundary,0.05,3.49,0.0,1650.0,435.82,341.87,581.97,False,TECH_WIND_ONSHORE,27
kek-kendal,10.0,within_boundary,0.05,3.49,0.0,1650.0,499.14,387.92,672.16,False,TECH_WIND_ONSHORE,27
kek-kendal,12.0,within_boundary,0.05,3.49,0.0,1650.0,565.62,436.27,766.84,False,TECH_WIND_ONSHORE,27
kek-kendal,14.0,within_boundary,0.05,3.49,0.0,1650.0,634.52,486.37,864.96,False,TECH_WIND_ONSHORE,27
kek-kendal,16.0,within_boundary,0.05,3.49,0.0,1650.0,705.23,537.8,965.67,False,TECH_WIND_ONSHORE,27
kek-kendal,18.0,within_boundary,0.05,3.49,0.0,1650.0,777.27,590.19,1068.27,False,TECH_WIND_ONSHORE,27
kek-kendal,20.0,within_boundary,0.05,3.49,0.0,1650.0,850.27,643.29,1172.25,False,TECH_WIND_ONSHORE,27
kek-kendal,4.0,grid_connected_solar,0.2822,7.74,99.2,1794.2,60.63,49.48,77.97,False,TECH_WIND_ONSHORE,27
kek-kendal,6.0,grid_connected_solar,0.2822,7.74,99.2,1794.2,71.12,57.34,92.56,False,TECH_WIND_ONSHORE,27
kek-kendal,8.0,grid_connected_solar,0.2822,7.74,99.2,1794.2,82.55,65.91,108.45,False,TECH_WIND_ONSHORE,27
kek-kendal,10.0,grid_connected_solar,0.2822,7.74,99.2,1794.2,94.76,75.05,125.41,False,TECH_WIND_ONSHORE,27
kek-kendal,12.0,grid_connected_solar,0.2822,7.74,99.2,1794.2,107.56,84.64,143.21,False,TECH_WIND_ONSHORE,27
kek-kendal,14.0,grid_connected_solar,0.2822,7.74,99.2,1794.2,120.84,94.59,161.67,False,TECH_WIND_ONSHORE,27
kek-kendal,16.0,grid_connected_solar,0.2822,7.74,99.2,1794.2,134.46,104.8,180.61,False,TECH_WIND_ONSHORE,27
kek-kendal,18.0,grid_connected_solar,0.2822,7.74,99.2,1794.2,148.34,115.19,199.9,False,TECH_WIND_ONSHORE,27
kek-kendal,20.0,grid_connected_solar,0.2822,7.74,99.2,1794.2,162.41,125.73,219.45,False,TECH_WIND_ONSHORE,27
kek-sorong,4.0,within_boundary,0.05,3.38,0.0,1650.0,322.02,259.1,419.89,False,TECH_WIND_ONSHORE,27
kek-sorong,6.0,within_boundary,0.05,3.38,0.0,1650.0,376.48,298.71,497.46,False,TECH_WIND_ONSHORE,27
kek-sorong,8.0,within_boundary,0.05,3.38,0.0,1650.0,435.82,341.87,581.97,False,TECH_WIND_ONSHORE,27
kek-sorong,10.0,within_boundary,0.05,3.38,0.0,1650.0,499.14,387.92,672.16,False,TECH_WIND_ONSHORE,27
kek-sorong,12.0,within_boundary,0.05,3.38,0.0,1650.0,565.62,436.27,766.84,False,TECH_WIND_ONSHORE,27
kek-sorong,14.0,within_boundary,0.05,3.38,0.0,1650.0,634.52,486.37,864.96,False,TECH_WIND_ONSHORE,27
kek-sorong,16.0,within_boundary,0.05,3.38,0.0,1650.0,705.23,537.8,965.67,False,TECH_WIND_ONSHORE,27
kek-sorong,18.0,within_boundary,0.05,3.38,0.0,1650.0,777.27,590.19,1068.27,False,TECH_WIND_ONSHORE,27
kek-sorong,20.0,within_boundary,0.05,3.38,0.0,1650.0,850.27,643.29,1172.25,False,TECH_WIND_ONSHORE,27
kek-sorong,4.0,grid_connected_solar,0.2353,6.46,85.3,1780.3,72.3,58.93,93.1,False,TECH_WIND_ONSHORE,27
kek-sorong,6.0,grid_connected_solar,0.2353,6.46,85.3,1780.3,84.79,68.26,110.5,False,TECH_WIND_ONSHORE,27
kek-sorong,8.0,grid_connected_solar,0.2353,6.46,85.3,1780.3,98.39,78.43,129.45,False,TECH_WIND_ONSHORE,27
kek-sorong,10.0,grid_connected_solar,0.2353,6.46,85.3,1780.3,112.91,89.28,149.68,False,TECH_WIND_ONSHORE,27
kek-sorong,12.0,grid_connected_solar,0.2353,6.46,85.3,1780.3,128.15,100.67,170.91,False,TECH_WIND_ONSHORE,27
kek-sorong,14.0,grid_connected_solar,0.2353,6.46,85.3,1780.3,143.95,112.47,192.92,False,TECH_WIND_ONSHORE,27
kek-sorong,16.0,grid_connected_solar,0.2353,6.46,85.3,1780.3,160.16,124.58,215.51,False,TECH_WIND_ONSHORE,27
kek-sorong,18.0,grid_connected_solar,0.2353,6.46,85.3,1780.3,176.68,136.93,238.52,False,TECH_WIND_ONSHORE,27
kek-sorong,20.0,grid_connected_solar,0.2353,6.46,85.3,1780.3,193.42,149.44,261.84,False,TECH_WIND_ONSHORE,27
kek-singhasari,4.0,within_boundary,0.05,3.16,0.0,1650.0,322.02,259.1,419.89,False,TECH_WIND_ONSHORE,27
kek-singhasari,6.0,within_boundary,0.05,3.16,0.0,1650.0,376.48,298.71,497.46,False,TECH_WIND_ONSHORE,27
kek-singhasari,8.0,within_boundary,0.05,3.16,0.0,1650.0,435.82,341.87,581.97,False,TECH_WIND_ONSHORE,27
kek-singhasari,10.0,within_boundary,0.05,3.16,0.0,1650.0,499.14,387.92,672.16,False,TECH_WIND_ONSHORE,27
kek-singhasari,12.0,within_boundary,0.05,3.16,0.0,1650.0,565.62,436.27,766.84,False,TECH_WIND_ONSHORE,27
kek-singhasari,14.0,within_boundary,0.05,3.16,0.0,1650.0,634.52,486.37,864.96,False,TECH_WIND_ONSHORE,27
kek-singhasari,16.0,within_boundary,0.05,3.16,0.0,1650.0,705.23,537.8,965.67,False,TECH_WIND_ONSHORE,27
kek-singhasari,18.0,within_boundary,0.05,3.16,0.0,1650.0,777.27,590.19,1068.27,False,TECH_WIND_ONSHORE,27
kek-singhasari,20.0,within_boundary,0.05,3.16,0.0,1650.0,850.27,643.29,1172.25,False,TECH_WIND_ONSHORE,27
kek-singhasari,4.0,grid_connected_solar,0.2096,5.85,100.6,1795.6,81.67,66.66,105.02,False,TECH_WIND_ONSHORE,27
kek-singhasari,6.0,grid_connected_solar,0.2096,5.85,100.6,1795.6,95.81,77.26,124.67,False,TECH_WIND_ONSHORE,27
kek-singhasari,8.0,grid_connected_solar,0.2096,5.85,100.6,1795.6,111.22,88.8,146.08,False,TECH_WIND_ONSHORE,27
kek-singhasari,10.0,grid_connected_solar,0.2096,5.85,100.6,1795.6,127.66,101.12,168.93,False,TECH_WIND_ONSHORE,27
kek-singhasari,12.0,grid_connected_solar,0.2096,5.85,100.6,1795.6,144.91,114.06,192.91,False,TECH_WIND_ONSHORE,27
kek-singhasari,14.0,grid_connected_solar,0.2096,5.85,100.6,1795.6,162.8,127.46,217.77,False,TECH_WIND_ONSHORE,27
kek-singhasari,16.0,grid_connected_solar,0.2096,5.85,100.6,1795.6,181.15,141.21,243.28,False,TECH_WIND_ONSHORE,27
kek-singhasari,18.0,grid_connected_solar,0.2096,5.85,100.6,1795.6,199.86,155.23,269.28,False,TECH_WIND_ONSHORE,27
kek-singhasari,20.0,grid_connected_solar,0.2096,5.85,100.6,1795.6,218.81,169.43,295.62,False,TECH_WIND_ONSHORE,27
kek-morotai,4.0,within_boundary,0.05,3.04,0.0,1650.0,322.02,259.1,419.89,False,TECH_WIND_ONSHORE,27
kek-morotai,6.0,within_boundary,0.05,3.04,0.0,1650.0,376.48,298.71,497.46,False,TECH_WIND_ONSHORE,27
kek-morotai,8.0,within_boundary,0.05,3.04,0.0,1650.0,435.82,341.87,581.97,False,TECH_WIND_ONSHORE,27
kek-morotai,10.0,within_boundary,0.05,3.04,0.0,1650.0,499.14,387.92,672.16,False,TECH_WIND_ONSHORE,27
kek-morotai,12.0,within_boundary,0.05,3.04,0.0,1650.0,565.62,436.27,766.84,False,TECH_WIND_ONSHORE,27
kek-morotai,14.0,within_boundary,0.05,3.04,0.0,1650.0,634.52,486.37,864.96,False,TECH_WIND_ONSHORE,27
kek-morotai,16.0,within_boundary,0.05,3.04,0.0,1650.0,705.23,537.8,965.67,False,TECH_WIND_ONSHORE,27
kek-morotai,18.0,within_boundary,0.05,3.04,0.0,1650.0,777.27,590.19,1068.27,False,TECH_WIND_ONSHORE,27
kek-morotai,20.0,within_boundary,0.05,3.04,0.0,1650.0,850.27,643.29,1172.25,False,TECH_WIND_ONSHORE,27
kek-morotai,4.0,grid_connected_solar,0.2218,6.06,1149.8,2844.8,110.25,96.07,132.31,False,TECH_WIND_ONSHORE,27
kek-morotai,6.0,grid_connected_solar,0.2218,6.06,1149.8,2844.8,131.42,113.89,158.69,False,TECH_WIND_ONSHORE,27
kek-morotai,8.0,grid_connected_solar,0.2218,6.06,1149.8,2844.8,154.48,133.3,187.43,False,TECH_WIND_ONSHORE,27
kek-morotai,10.0,grid_connected_solar,0.2218,6.06,1149.8,2844.8,179.09,154.02,218.1,False,TECH_WIND_ONSHORE,27
kek-morotai,12.0,grid_connected_solar,0.2218,6.06,1149.8,2844.8,204.93,175.77,250.29,False,TECH_WIND_ONSHORE,27
kek-morotai,14.0,grid_connected_solar,0.2218,6.06,1149.8,2844.8,231.71,198.31,283.66,False,TECH_WIND_ONSHORE,27
kek-morotai,16.0,grid_connected_solar,0.2218,6.06,1149.8,2844.8,259.19,221.45,317.9,False,TECH_WIND_ONSHORE,27
kek-morotai,18.0,grid_connected_solar,0.2218,6.06,1149.8,2844.8,287.19,245.02,352.79,False,TECH_WIND_ONSHORE,27
kek-morotai,20.0,grid_connected_solar,0.2218,6.06,1149.8,2844.8,315.56,268.9,388.15,False,TECH_WIND_ONSHORE,27
kek-gresik,4.0,within_boundary,0.0821,4.03,0.0,1650.0,196.11,157.8,255.72,False,TECH_WIND_ONSHORE,27
kek-gresik,6.0,within_boundary,0.0821,4.03,0.0,1650.0,229.28,181.92,302.96,False,TECH_WIND_ONSHORE,27
kek-gresik,8.0,within_boundary,0.0821,4.03,0.0,1650.0,265.42,208.2,354.43,False,TECH_WIND_ONSHORE,27
kek-gresik,10.0,within_boundary,0.0821,4.03,0.0,1650.0,303.99,236.25,409.35,False,TECH_WIND_ONSHORE,27
kek-gresik,12.0,within_boundary,0.0821,4.03,0.0,1650.0,344.47,265.69,467.01,False,TECH_WIND_ONSHORE,27
kek-gresik,14.0,within_boundary,0.0821,4.03,0.0,1650.0,386.43,296.21,526.77,False,TECH_WIND_ONSHORE,27
kek-gresik,16.0,within_boundary,0.0821,4.03,0.0,1650.0,429.49,327.53,588.11,False,TECH_WIND_ONSHORE,27
kek-gresik,18.0,within_boundary,0.0821,4.03,0.0,1650.0,473.37,359.43,650.59,False,TECH_WIND_ONSHORE,27
kek-gresik,20.0,within_boundary,0.0821,4.03,0.0,1650.0,517.83,391.77,713.92,False,TECH_WIND_ONSHORE,27
kek-gresik,4.0,grid_connected_solar,0.1498,5.0,83.2,1778.2,113.47,92.47,146.13,False,TECH_WIND_ONSHORE,27
kek-gresik,6.0,grid_connected_solar,0.1498,5.0,83.2,1778.2,133.06,107.1,173.44,False,TECH_WIND_ONSHORE,27
kek-gresik,8.0,grid_connected_solar,0.1498,5.0,83.2,1778.2,154.4,123.04,203.18,False,TECH_WIND_ONSHORE,27
kek-gresik,10.0,grid_connected_solar,0.1498,5.0,83.2,1778.2,177.18,140.06,234.93,False,TECH_WIND_ONSHORE,27
kek-gresik,12.0,grid_connected_solar,0.1498,5.0,83.2,1778.2,201.09,157.92,268.25,False,TECH_WIND_ONSHORE,27
kek-gresik,14.0,grid_connected_solar,0.1498,5.0,83.2,1778.2,225.87,176.43,302.79,False,TECH_WIND_ONSHORE,27
kek-gresik,16.0,grid_connected_solar,0.1498,5.0,83.2,1778.2,251.31,195.43,338.24,False,TECH_WIND_ONSHORE,27
kek-gresik,18.0,grid_connected_solar,0.1498,5.0,83.2,1778.2,277.22,214.78,374.36,False,TECH_WIND_ONSHORE,27
kek-gresik,20.0,grid_connected_solar,0.1498,5.0,83.2,1778.2,303.49,234.4,410.95,False,TECH_WIND_ONSHORE,27
kek-likupang,4.0,within_boundary,0.0868,4.1,0.0,1650.0,185.49,149.25,241.87,False,TECH_WIND_ONSHORE,27
kek-likupang,6.0,within_boundary,0.0868,4.1,0.0,1650.0,216.87,172.07,286.56,False,TECH_WIND_ONSHORE,27
kek-likupang,8.0,within_boundary,0.0868,4.1,0.0,1650.0,251.05,196.93,335.24,False,TECH_WIND_ONSHORE,27
kek-likupang,10.0,within_boundary,0.0868,4.1,0.0,1650.0,287.53,223.46,387.19,False,TECH_WIND_ONSHORE,27
kek-likupang,12.0,within_boundary,0.0868,4.1,0.0,1650.0,325.82,251.31,441.73,False,TECH_WIND_ONSHORE,27
kek-likupang,14.0,within_boundary,0.0868,4.1,0.0,1650.0,365.5,280.17,498.25,False,TECH_WIND_ONSHORE,27
kek-likupang,16.0,within_boundary,0.0868,4.1,0.0,1650.0,406.24,309.79,556.26,False,TECH_WIND_ONSHORE,27
kek-likupang,18.0,within_boundary,0.0868,4.1,0.0,1650.0,447.73,339.97,615.36,False,TECH_WIND_ONSHORE,27
kek-likupang,20.0,within_boundary,0.0868,4.1,0.0,1650.0,489.79,370.56,675.26,False,TECH_WIND_ONSHORE,27
kek-likupang,4.0,grid_connected_solar,0.3769,9.92,117.2,1812.2,45.73,37.38,58.71,False,TECH_WIND_ONSHORE,27
kek-likupang,6.0,grid_connected_solar,0.3769,9.92,117.2,1812.2,53.66,43.35,69.71,False,TECH_WIND_ONSHORE,27
kek-likupang,8.0,grid_connected_solar,0.3769,9.92,117.2,1812.2,62.31,49.84,81.7,False,TECH_WIND_ONSHORE,27
kek-likupang,10.0,grid_connected_solar,0.3769,9.92,117.2,1812.2,71.53,56.78,94.49,False,TECH_WIND_ONSHORE,27
kek-likupang,12.0,grid_connected_solar,0.3769,9.92,117.2,1812.2,81.22,64.06,107.91,False,TECH_WIND_ONSHORE,27
kek-likupang,14.0,grid_connected_solar,0.3769,9.92,117.2,1812.2,91.26,71.6,121.83,False,TECH_WIND_ONSHORE,27
kek-likupang,16.0,grid_connected_solar,0.3769,9.92,117.2,1812.2,101.56,79.35,136.11,False,TECH_WIND_ONSHORE,27
kek-likupang,18.0,grid_connected_solar,0.3769,9.92,117.2,1812.2,112.06,87.24,150.66,False,TECH_WIND_ONSHORE,27
kek-likupang,20.0,grid_connected_solar,0.3769,9.92,117.2,1812.2,122.69,95.23,165.41,False,TECH_WIND_ONSHORE,27
kek-bitung,4.0,within_boundary,0.05,3.0,0.0,1650.0,322.02,259.1,419.89,False,TECH_WIND_ONSHORE,27
kek-bitung,6.0,within_boundary,0.05,3.0,0.0,1650.0,376.48,298.71,497.46,False,TECH_WIND_ONSHORE,27
kek-bitung,8.0,within_boundary,0.05,3.0,0.0,1650.0,435.82,341.87,581.97,False,TECH_WIND_ONSHORE,27
kek-bitung,10.0,within_boundary,0.05,3.0,0.0,1650.0,499.14,387.92,672.16,False,TECH_WIND_ONSHORE,27
kek-bitung,12.0,within_boundary,0.05,3.0,0.0,1650.0,565.62,436.27,766.84,False,TECH_WIND_ONSHORE,27
kek-bitung,14.0,within_boundary,0.05,3.0,0.0,1650.0,634.52,486.37,864.96,False,TECH_WIND_ONSHORE,27
kek-bitung,16.0,within_boundary,0.05,3.0,0.0,1650.0,705.23,537.8,965.67,False,TECH_WIND_ONSHORE,27
kek-bitung,18.0,within_boundary,0.05,3.0,0.0,1650.0,777.27,590.19,1068.27,False,TECH_WIND_ONSHORE,27
kek-bitung,20.0,within_boundary,0.05,3.0,0.0,1650.0,850.27,643.29,1172.25,False,TECH_WIND_ONSHORE,27
kek-bitung,4.0,grid_connected_solar,0.3769,9.92,88.5,1783.5,45.2,36.85,58.18,False,TECH_WIND_ONSHORE,27
kek-bitung,6.0,grid_connected_solar,0.3769,9.92,88.5,1783.5,53.01,42.69,69.06,False,TECH_WIND_ONSHORE,27
kek-bitung,8.0,grid_connected_solar,0.3769,9.92,88.5,1783.5,61.52,49.05,80.9,False,TECH_WIND_ONSHORE,27
kek-bitung,10.0,grid_connected_solar,0.3769,9.92,88.5,1783.5,70.6,55.84,93.55,False,TECH_WIND_ONSHORE,27
kek-bitung,12.0,grid_connected_solar,0.3769,9.92,88.5,1783.5,80.13,62.97,106.82,False,TECH_WIND_ONSHORE,27
kek-bitung,14.0,grid_connected_solar,0.3769,9.92,88.5,1783.5,90.01,70.36,120.58,False,TECH_WIND_ONSHORE,27
kek-bitung,16.0,grid_connected_solar,0.3769,9.92,88.5,1783.5,100.15,77.94,134.7,False,TECH_WIND_ONSHORE,27
kek-bitung,18.0,grid_connected_solar,0.3769,9.92,88.5,1783.5,110.48,85.66,149.08,False,TECH_WIND_ONSHORE,27
kek-bitung,20.0,grid_connected_solar,0.3769,9.92,88.5,1783.5,120.95,93.49,163.66,False,TECH_WIND_ONSHORE,27
kek-palu,4.0,within_boundary,0.0,2.66,0.0,1650.0,,,,False,TECH_WIND_ONSHORE,27
kek-palu,6.0,within_boundary,0.0,2.66,0.0,1650.0,,,,False,TECH_WIND_ONSHORE,27
kek-palu,8.0,within_boundary,0.0,2.66,0.0,1650.0,,,,False,TECH_WIND_ONSHORE,27
kek-palu,10.0,within_boundary,0.0,2.66,0.0,1650.0,,,,False,TECH_WIND_ONSHORE,27
kek-palu,12.0,within_boundary,0.0,2.66,0.0,1650.0,,,,False,TECH_WIND_ONSHORE,27
kek-palu,14.0,within_boundary,0.0,2.66,0.0,1650.0,,,,False,TECH_WIND_ONSHORE,27
kek-palu,16.0,within_boundary,0.0,2.66,0.0,1650.0,,,,False,TECH_WIND_ONSHORE,27
kek-palu,18.0,within_boundary,0.0,2.66,0.0,1650.0,,,,False,TECH_WIND_ONSHORE,27
kek-palu,20.0,within_boundary,0.0,2.66,0.0,1650.0,,,,False,TECH_WIND_ONSHORE,27
kek-palu,4.0,grid_connected_solar,0.2258,6.17,162.6,1857.5,77.73,63.8,99.4,False,TECH_WIND_ONSHORE,27
kek-palu,6.0,grid_connected_solar,0.2258,6.17,162.6,1857.5,91.31,74.09,118.1,False,TECH_WIND_ONSHORE,27
kek-palu,8.0,grid_connected_solar,0.2258,6.17,162.6,1857.5,106.1,85.3,138.46,False,TECH_WIND_ONSHORE,27
kek-palu,10.0,grid_connected_solar,0.2258,6.17,162.6,1857.5,121.89,97.26,160.2,False,TECH_WIND_ONSHORE,27
kek-palu,12.0,grid_connected_solar,0.2258,6.17,162.6,1857.5,138.46,109.82,183.02,False,TECH_WIND_ONSHORE,27
kek-palu,14.0,grid_connected_solar,0.2258,6.17,162.6,1857.5,155.63,122.83,206.66,False,TECH_WIND_ONSHORE,27
kek-palu,16.0,grid_connected_solar,0.2258,6.17,162.6,1857.5,173.26,136.19,230.93,False,TECH_WIND_ONSHORE,27
kek-palu,18.0,grid_connected_solar,0.2258,6.17,162.6,1857.5,191.22,149.8,255.66,False,TECH_WIND_ONSHORE,27
kek-palu,20.0,grid_connected_solar,0.2258,6.17,162.6,1857.5,209.42,163.59,280.72,False,TECH_WIND_ONSHORE,27
kek-kura-kura,4.0,within_boundary,0.0582,3.73,0.0,1650.0,276.65,222.6,360.73,False,TECH_WIND_ONSHORE,27
kek-kura-kura,6.0,within_boundary,0.0582,3.73,0.0,1650.0,323.44,256.63,427.37,False,TECH_WIND_ONSHORE,27
kek-kura-kura,8.0,within_boundary,0.0582,3.73,0.0,1650.0,374.42,293.7,499.97,False,TECH_WIND_ONSHORE,27
kek-kura-kura,10.0,within_boundary,0.0582,3.73,0.0,1650.0,428.82,333.27,577.46,False,TECH_WIND_ONSHORE,27
kek-kura-kura,12.0,within_boundary,0.0582,3.73,0.0,1650.0,485.93,374.8,658.79,False,TECH_WIND_ONSHORE,27
kek-kura-kura,14.0,within_boundary,0.0582,3.73,0.0,1650.0,545.12,417.85,743.09,False,TECH_WIND_ONSHORE,27
kek-kura-kura,16.0,within_boundary,0.0582,3.73,0.0,1650.0,605.86,462.03,829.61,False,TECH_WIND_ONSHORE,27
kek-kura-kura,18.0,within_boundary,0.0582,3.73,0.0,1650.0,667.76,507.04,917.76,False,TECH_WIND_ONSHORE,27
kek-kura-kura,20.0,within_boundary,0.0582,3.73,0.0,1650.0,730.48,552.65,1007.09,False,TECH_WIND_ONSHORE,27
kek-kura-kura,4.0,grid_connected_solar,0.2928,7.96,277.1,1972.1,62.68,51.94,79.39,False,TECH_WIND_ONSHORE,27
kek-kura-kura,6.0,grid_connected_solar,0.2928,7.96,277.1,1972.1,73.8,60.52,94.46,False,TECH_WIND_ONSHORE,27
kek-kura-kura,8.0,grid_connected_solar,0.2928,7.96,277.1,1972.1,85.91,69.86,110.86,False,TECH_WIND_ONSHORE,27
kek-kura-kura,10.0,grid_connected_solar,0.2928,7.96,277.1,1972.1,98.83,79.84,128.38,False,TECH_WIND_ONSHORE,27
kek-kura-kura,12.0,grid_connected_solar,0.2928,7.96,277.1,1972.1,112.4,90.31,146.76,False,TECH_WIND_ONSHORE,27
kek-kura-kura,14.0,grid_connected_solar,0.2928,7.96,277.1,1972.1,126.46,101.16,165.81,False,TECH_WIND_ONSHORE,27
kek-kura-kura,16.0,grid_connected_solar,0.2928,7.96,277.1,1972.1,140.89,112.3,185.37,False,TECH_WIND_ONSHORE,27
kek-kura-kura,18.0,grid_connected_solar,0.2928,7.96,277.1,1972.1,155.6,123.65,205.29,False,TECH_WIND_ONSHORE,27
kek-kura-kura,20.0,grid_connected_solar,0.2928,7.96,277.1,1972.1,170.5,135.15,225.48,False,TECH_WIND_ONSHORE,27
kek-galang-batang,4.0,within_boundary,0.1056,4.37,0.0,1650.0,152.47,122.68,198.81,False,TECH_WIND_ONSHORE,27
kek-galang-batang,6.0,within_boundary,0.1056,4.37,0.0,1650.0,178.26,141.44,235.54,False,TECH_WIND_ONSHORE,27
kek-galang-batang,8.0,within_boundary,0.1056,4.37,0.0,1650.0,206.35,161.87,275.55,False,TECH_WIND_ONSHORE,27
kek-galang-batang,10.0,within_boundary,0.1056,4.37,0.0,1650.0,236.34,183.67,318.26,False,TECH_WIND_ONSHORE,27
kek-galang-batang,12.0,within_boundary,0.1056,4.37,0.0,1650.0,267.81,206.57,363.09,False,TECH_WIND_ONSHORE,27
kek-galang-batang,14.0,within_boundary,0.1056,4.37,0.0,1650.0,300.43,230.29,409.55,False,TECH_WIND_ONSHORE,27
kek-galang-batang,16.0,within_boundary,0.1056,4.37,0.0,1650.0,333.91,254.64,457.23,False,TECH_WIND_ONSHORE,27
kek-galang-batang,18.0,within_boundary,0.1056,4.37,0.0,1650.0,368.02,279.45,505.81,False,TECH_WIND_ONSHORE,27
kek-galang-batang,20.0,within_boundary,0.1056,4.37,0.0,1650.0,402.59,304.59,555.04,False,TECH_WIND_ONSHORE,27
kek-galang-batang,4.0,grid_connected_solar,0.2277,6.23,235.8,1930.8,79.33,65.51,100.82,False,TECH_WIND_ONSHORE,27
kek-galang-batang,6.0,grid_connected_solar,0.2277,6.23,235.8,1930.8,93.33,76.25,119.89,False,TECH_WIND_ONSHORE,27
kek-galang-batang,8.0,grid_connected_solar,0.2277,6.23,235.8,1930.8,108.57,87.94,140.66,False,TECH_WIND_ONSHORE,27
kek-galang-batang,10.0,grid_connected_solar,0.2277,6.23,235.8,1930.8,124.84,100.42,162.83,False,TECH_WIND_ONSHORE,27
kek-galang-batang,12.0,grid_connected_solar,0.2277,6.23,235.8,1930.8,141.92,113.52,186.11,False,TECH_WIND_ONSHORE,27
kek-galang-batang,14.0,grid_connected_solar,0.2277,6.23,235.8,1930.8,159.63,127.1,210.23,False,TECH_WIND_ONSHORE,27
kek-galang-batang,16.0,grid_connected_solar,0.2277,6.23,235.8,1930.8,177.8,141.03,234.99,False,TECH_WIND_ONSHORE,27
kek-galang-batang,18.0,grid_connected_solar,0.2277,6.23,235.8,1930.8,196.31,155.23,260.21,False,TECH_WIND_ONSHORE,27
kek-galang-batang,20.0,grid_connected_solar,0.2277,6.23,235.8,1930.8,215.07,169.61,285.77,False,TECH_WIND_ONSHORE,27
kek-maloy-batuta,4.0,within_boundary,0.05,3.32,0.0,1650.0,322.02,259.1,419.89,False,TECH_WIND_ONSHORE,27
kek-maloy-batuta,6.0,within_boundary,0.05,3.32,0.0,1650.0,376.48,298.71,497.46,False,TECH_WIND_ONSHORE,27
kek-maloy-batuta,8.0,within_boundary,0.05,3.32,0.0,1650.0,435.82,341.87,581.97,False,TECH_WIND_ONSHORE,27
kek-maloy-batuta,10.0,within_boundary,0.05,3.32,0.0,1650.0,499.14,387.92,672.16,False,TECH_WIND_ONSHORE,27
kek-maloy-batuta,12.0,within_boundary,0.05,3.32,0.0,1650.0,565.62,436.27,766.84,False,TECH_WIND_ONSHORE,27
kek-maloy-batuta,14.0,within_boundary,0.05,3.32,0.0,1650.0,634.52,486.37,864.96,False,TECH_WIND_ONSHORE,27
kek-maloy-batuta,16.0,within_boundary,0.05,3.32,0.0,1650.0,705.23,537.8,965.67,False,TECH_WIND_ONSHORE,27
kek-maloy-batuta,18.0,within_boundary,0.05,3.32,0.0,1650.0,777.27,590.19,1068.27,False,TECH_WIND_ONSHORE,27
kek-maloy-batuta,20.0,within_boundary,0.05,3.32,0.0,1650.0,850.27,643.29,1172.25,False,TECH_WIND_ONSHORE,27
kek-maloy-batuta,4.0,grid_connected_solar,0.2013,5.73,385.6,2080.6,94.94,79.31,119.25,False,TECH_WIND_ONSHORE,27
kek-maloy-batuta,6.0,grid_connected_solar,0.2013,5.73,385.6,2080.6,112.0,92.68,142.04,False,TECH_WIND_ONSHORE,27
kek-maloy-batuta,8.0,grid_connected_solar,0.2013,5.73,385.6,2080.6,130.58,107.24,166.88,False,TECH_WIND_ONSHORE,27
kek-maloy-batuta,10.0,grid_connected_solar,0.2013,5.73,385.6,2080.6,150.41,122.79,193.39,False,TECH_WIND_ONSHORE,27
kek-maloy-batuta,12.0,grid_connected_solar,0.2013,5.73,385.6,2080.6,171.23,139.1,221.21,False,TECH_WIND_ONSHORE,27
kek-maloy-batuta,14.0,grid_connected_solar,0.2013,5.73,385.6,2080.6,192.81,156.01,250.05,False,TECH_WIND_ONSHORE,27
kek-maloy-batuta,16.0,grid_connected_solar,0.2013,5.73,385.6,2080.6,214.96,173.37,279.65,False,TECH_WIND_ONSHORE,27
kek-maloy-batuta,18.0,grid_connected_solar,0.2013,5.73,385.6,2080.6,237.52,191.05,309.8,False,TECH_WIND_ONSHORE,27
kek-maloy-batuta,20.0,grid_connected_solar,0.2013,5.73,385.6,2080.6,260.39,208.97,340.36,False,TECH_WIND_ONSHORE,27
kek-nongsa,4.0,within_boundary,0.0908,4.15,0.0,1650.0,177.32,142.68,231.22,False,TECH_WIND_ONSHORE,27
kek-nongsa,6.0,within_boundary,0.0908,4.15,0.0,1650.0,207.32,164.49,273.93,False,TECH_WIND_ONSHORE,27
kek-nongsa,8.0,within_boundary,0.0908,4.15,0.0,1650.0,239.99,188.25,320.47,False,TECH_WIND_ONSHORE,27
kek-nongsa,10.0,within_boundary,0.0908,4.15,0.0,1650.0,274.86,213.61,370.13,False,TECH_WIND_ONSHORE,27
kek-nongsa,12.0,within_boundary,0.0908,4.15,0.0,1650.0,311.47,240.24,422.27,False,TECH_WIND_ONSHORE,27
kek-nongsa,14.0,within_boundary,0.0908,4.15,0.0,1650.0,349.4,267.83,476.3,False,TECH_WIND_ONSHORE,27
kek-nongsa,16.0,within_boundary,0.0908,4.15,0.0,1650.0,388.34,296.14,531.76,False,TECH_WIND_ONSHORE,27
kek-nongsa,18.0,within_boundary,0.0908,4.15,0.0,1650.0,428.01,325.0,588.26,False,TECH_WIND_ONSHORE,27
kek-nongsa,20.0,within_boundary,0.0908,4.15,0.0,1650.0,468.21,354.23,645.51,False,TECH_WIND_ONSHORE,27
kek-nongsa,4.0,grid_connected_solar,0.2277,6.23,169.8,1864.8,77.31,63.49,98.8,False,TECH_WIND_ONSHORE,27
kek-nongsa,6.0,grid_connected_solar,0.2277,6.23,169.8,1864.8,90.82,73.75,117.39,False,TECH_WIND_ONSHORE,27
kek-nongsa,8.0,grid_connected_solar,0.2277,6.23,169.8,1864.8,105.55,84.92,137.64,False,TECH_WIND_ONSHORE,27
kek-nongsa,10.0,grid_connected_solar,0.2277,6.23,169.8,1864.8,121.26,96.84,159.26,False,TECH_WIND_ONSHORE,27
kek-nongsa,12.0,grid_connected_solar,0.2277,6.23,169.8,1864.8,137.76,109.36,181.95,False,TECH_WIND_ONSHORE,27
kek-nongsa,14.0,grid_connected_solar,0.2277,6.23,169.8,1864.8,154.86,122.33,205.46,False,TECH_WIND_ONSHORE,27
kek-nongsa,16.0,grid_connected_solar,0.2277,6.23,169.8,1864.8,172.41,135.64,229.6,False,TECH_WIND_ONSHORE,27
kek-nongsa,18.0,grid_connected_solar,0.2277,6.23,169.8,1864.8,190.29,149.21,254.19,False,TECH_WIND_ONSHORE,27
kek-nongsa,20.0,grid_connected_solar,0.2277,6.23,169.8,1864.8,208.4,162.95,279.11,False,TECH_WIND_ONSHORE,27
kek-mandalika,4.0,within_boundary,0.0987,4.27,0.0,1650.0,163.13,131.26,212.71,False,TECH_WIND_ONSHORE,27
kek-mandalika,6.0,within_boundary,0.0987,4.27,0.0,1650.0,190.72,151.32,252.01,False,TECH_WIND_ONSHORE,27
kek-mandalika,8.0,within_boundary,0.0987,4.27,0.0,1650.0,220.78,173.18,294.82,False,TECH_WIND_ONSHORE,27
kek-mandalika,10.0,within_boundary,0.0987,4.27,0.0,1650.0,252.86,196.51,340.51,False,TECH_WIND_ONSHORE,27
kek-mandalika,12.0,within_boundary,0.0987,4.27,0.0,1650.0,286.54,221.01,388.47,False,TECH_WIND_ONSHORE,27
kek-mandalika,14.0,within_boundary,0.0987,4.27,0.0,1650.0,321.44,246.39,438.18,False,TECH_WIND_ONSHORE,27
kek-mandalika,16.0,within_boundary,0.0987,4.27,0.0,1650.0,357.26,272.44,489.19,False,TECH_WIND_ONSHORE,27
kek-mandalika,18.0,within_boundary,0.0987,4.27,0.0,1650.0,393.75,298.98,541.17,False,TECH_WIND_ONSHORE,27
kek-mandalika,20.0,within_boundary,0.0987,4.27,0.0,1650.0,430.74,325.88,593.85,False,TECH_WIND_ONSHORE,27
kek-mandalika,4.0,grid_connected_solar,0.3352,8.88,89.0,1784.0,50.83,41.44,65.43,False,TECH_WIND_ONSHORE,27
kek-mandalika,6.0,grid_connected_solar,0.3352,8.88,89.0,1784.0,59.61,48.01,77.66,False,TECH_WIND_ONSHORE,27
kek-mandalika,8.0,grid_connected_solar,0.3352,8.88,89.0,1784.0,69.18,55.17,90.98,False,TECH_WIND_ONSHORE,27
kek-mandalika,10.0,grid_connected_solar,0.3352,8.88,89.0,1784.0,79.4,62.81,105.2,False,TECH_WIND_ONSHORE,27
kek-mandalika,12.0,grid_connected_solar,0.3352,8.88,89.0,1784.0,90.12,70.82,120.13,False,TECH_WIND_ONSHORE,27
kek-mandalika,14.0,grid_connected_solar,0.3352,8.88,89.0,1784.0,101.23,79.13,135.6,False,TECH_WIND_ONSHORE,27
kek-mandalika,16.0,grid_connected_solar,0.3352,8.88,89.0,1784.0,112.63,87.66,151.48,False,TECH_WIND_ONSHORE,27
kek-mandalika,18.0,grid_connected_solar,0.3352,8.88,89.0,1784.0,124.25,96.35,167.66,False,TECH_WIND_ONSHORE,27
kek-mandalika,20.0,grid_connected_solar,0.3352,8.88,89.0,1784.0,136.03,105.15,184.06,False,TECH_WIND_ONSHORE,27
kek-batam-aero-technic,4.0,within_boundary,0.097,4.24,0.0,1650.0,165.99,133.56,216.44,False,TECH_WIND_ONSHORE,27
kek-batam-aero-technic,6.0,within_boundary,0.097,4.24,0.0,1650.0,194.06,153.98,256.42,False,TECH_WIND_ONSHORE,27
kek-batam-aero-technic,8.0,within_boundary,0.097,4.24,0.0,1650.0,224.65,176.22,299.98,False,TECH_WIND_ONSHORE,27
kek-batam-aero-technic,10.0,within_boundary,0.097,4.24,0.0,1650.0,257.29,199.96,346.47,False,TECH_WIND_ONSHORE,27
kek-batam-aero-technic,12.0,within_boundary,0.097,4.24,0.0,1650.0,291.56,224.88,395.28,False,TECH_WIND_ONSHORE,27
kek-batam-aero-technic,14.0,within_boundary,0.097,4.24,0.0,1650.0,327.07,250.71,445.86,False,TECH_WIND_ONSHORE,27
kek-batam-aero-technic,16.0,within_boundary,0.097,4.24,0.0,1650.0,363.52,277.22,497.77,False,TECH_WIND_ONSHORE,27
kek-batam-aero-technic,18.0,within_boundary,0.097,4.24,0.0,1650.0,400.65,304.22,550.66,False,TECH_WIND_ONSHORE,27
kek-batam-aero-technic,20.0,within_boundary,0.097,4.24,0.0,1650.0,438.29,331.59,604.25,False,TECH_WIND_ONSHORE,27
kek-batam-aero-technic,4.0,grid_connected_solar,0.2277,6.23,169.5,1864.5,77.3,63.48,98.79,False,TECH_WIND_ONSHORE,27
kek-batam-aero-technic,6.0,grid_connected_solar,0.2277,6.23,169.5,1864.5,90.81,73.73,117.38,False,TECH_WIND_ONSHORE,27
kek-batam-aero-technic,8.0,grid_connected_solar,0.2277,6.23,169.5,1864.5,105.53,84.9,137.63,False,TECH_WIND_ONSHORE,27
kek-batam-aero-technic,10.0,grid_connected_solar,0.2277,6.23,169.5,1864.5,121.25,96.82,159.24,False,TECH_WIND_ONSHORE,27
kek-batam-aero-technic,12.0,grid_connected_solar,0.2277,6.23,169.5,1864.5,137.74,109.34,181.93,False,TECH_WIND_ONSHORE,27
kek-batam-aero-technic,14.0,grid_connected_solar,0.2277,6.23,169.5,1864.5,154.84,122.31,205.44,False,TECH_WIND_ONSHORE,27
kek-batam-aero-technic,16.0,grid_connected_solar,0.2277,6.23,169.5,1864.5,172.38,135.62,229.57,False,TECH_WIND_ONSHORE,27
kek-batam-aero-technic,18.0,grid_connected_solar,0.2277,6.23,169.5,1864.5,190.26,149.18,254.16,False,TECH_WIND_ONSHORE,27
kek-batam-aero-technic,20.0,grid_connected_solar,0.2277,6.23,169.5,1864.5,208.37,162.92,279.08,False,TECH_WIND_ONSHORE,27
kek-tanjung-kelayang,4.0,within_boundary,0.0842,4.06,0.0,1650.0,191.22,153.86,249.34,False,TECH_WIND_ONSHORE,27
kek-tanjung-kelayang,6.0,within_boundary,0.0842,4.06,0.0,1650.0,223.57,177.38,295.4,False,TECH_WIND_ONSHORE,27
kek-tanjung-kelayang,8.0,within_boundary,0.0842,4.06,0.0,1650.0,258.8,203.01,345.59,False,TECH_WIND_ONSHORE,27
kek-tanjung-kelayang,10.0,within_boundary,0.0842,4.06,0.0,1650.0,296.4,230.36,399.14,False,TECH_WIND_ONSHORE,27
kek-tanjung-kelayang,12.0,within_boundary,0.0842,4.06,0.0,1650.0,335.88,259.07,455.37,False,TECH_WIND_ONSHORE,27
kek-tanjung-kelayang,14.0,within_boundary,0.0842,4.06,0.0,1650.0,376.79,288.82,513.64,False,TECH_WIND_ONSHORE,27
kek-tanjung-kelayang,16.0,within_boundary,0.0842,4.06,0.0,1650.0,418.78,319.36,573.44,False,TECH_WIND_ONSHORE,27
kek-tanjung-kelayang,18.0,within_boundary,0.0842,4.06,0.0,1650.0,461.56,350.47,634.37,False,TECH_WIND_ONSHORE,27
kek-tanjung-kelayang,20.0,within_boundary,0.0842,4.06,0.0,1650.0,504.91,382.0,696.11,False,TECH_WIND_ONSHORE,27
kek-tanjung-kelayang,4.0,grid_connected_solar,0.2206,6.02,318.9,2014.0,84.52,70.26,106.7,False,TECH_WIND_ONSHORE,27
kek-tanjung-kelayang,6.0,grid_connected_solar,0.2206,6.02,318.9,2014.0,99.59,81.96,127.01,False,TECH_WIND_ONSHORE,27
kek-tanjung-kelayang,8.0,grid_connected_solar,0.2206,6.02,318.9,2014.0,116.0,94.71,149.13,False,TECH_WIND_ONSHORE,27
kek-tanjung-kelayang,10.0,grid_connected_solar,0.2206,6.02,318.9,2014.0,133.52,108.31,172.74,False,TECH_WIND_ONSHORE,27
kek-tanjung-kelayang,12.0,grid_connected_solar,0.2206,6.02,318.9,2014.0,151.91,122.59,197.52,False,TECH_WIND_ONSHORE,27
kek-tanjung-kelayang,14.0,grid_connected_solar,0.2206,6.02,318.9,2014.0,170.97,137.4,223.2,False,TECH_WIND_ONSHORE,27
kek-tanjung-kelayang,16.0,grid_connected_solar,0.2206,6.02,318.9,2014.0,190.53,152.59,249.56,False,TECH_WIND_ONSHORE,27
kek-tanjung-kelayang,18.0,grid_connected_solar,0.2206,6.02,318.9,2014.0,210.46,168.06,276.42,False,TECH_WIND_ONSHORE,27
kek-tanjung-kelayang,20.0,grid_connected_solar,0.2206,6.02,318.9,2014.0,230.66,183.75,303.64,False,TECH_WIND_ONSHORE,27
kek-lido,4.0,within_boundary,0.0594,3.74,0.0,1650.0,271.06,218.1,353.44,False,TECH_WIND_ONSHORE,27
kek-lido,6.0,within_boundary,0.0594,3.74,0.0,1650.0,316.91,251.44,418.74,False,TECH_WIND_ONSHORE,27
kek-lido,8.0,within_boundary,0.0594,3.74,0.0,1650.0,366.85,287.77,489.87,False,TECH_WIND_ONSHORE,27
kek-lido,10.0,within_boundary,0.0594,3.74,0.0,1650.0,420.15,326.53,565.79,False,TECH_WIND_ONSHORE,27
kek-lido,12.0,within_boundary,0.0594,3.74,0.0,1650.0,476.11,367.23,645.49,False,TECH_WIND_ONSHORE,27
kek-lido,14.0,within_boundary,0.0594,3.74,0.0,1650.0,534.1,409.41,728.08,False,TECH_WIND_ONSHORE,27
kek-lido,16.0,within_boundary,0.0594,3.74,0.0,1650.0,593.62,452.69,812.85,False,TECH_WIND_ONSHORE,27
kek-lido,18.0,within_boundary,0.0594,3.74,0.0,1650.0,654.27,496.79,899.22,False,TECH_WIND_ONSHORE,27
kek-lido,20.0,within_boundary,0.0594,3.74,0.0,1650.0,715.72,541.49,986.74,False,TECH_WIND_ONSHORE,27
kek-lido,4.0,grid_connected_solar,0.2643,7.33,129.4,1824.4,65.53,53.63,84.05,False,TECH_WIND_ONSHORE,27
kek-lido,6.0,grid_connected_solar,0.2643,7.33,129.4,1824.4,76.92,62.21,99.81,False,TECH_WIND_ONSHORE,27
kek-lido,8.0,grid_connected_solar,0.2643,7.33,129.4,1824.4,89.34,71.56,116.98,False,TECH_WIND_ONSHORE,27
kek-lido,10.0,grid_connected_solar,0.2643,7.33,129.4,1824.4,102.58,81.54,135.31,False,TECH_WIND_ONSHORE,27
kek-lido,12.0,grid_connected_solar,0.2643,7.33,129.4,1824.4,116.49,92.02,154.55,False,TECH_WIND_ONSHORE,27
kek-lido,14.0,grid_connected_solar,0.2643,7.33,129.4,1824.4,130.9,102.87,174.49,False,TECH_WIND_ONSHORE,27
kek-lido,16.0,grid_connected_solar,0.2643,7.33,129.4,1824.4,145.69,114.02,194.96,False,TECH_WIND_ONSHORE,27
kek-lido,18.0,grid_connected_solar,0.2643,7.33,129.4,1824.4,160.76,125.37,215.81,False,TECH_WIND_ONSHORE,27
kek-lido,20.0,grid_connected_solar,0.2643,7.33,129.4,1824.4,176.03,136.87,236.94,False,TECH_WIND_ONSHORE,27
kek-tanjung-lesung,4.0,within_boundary,0.1643,5.2,0.0,1650.0,98.0,78.85,127.78,False,TECH_WIND_ONSHORE,27
kek-tanjung-lesung,6.0,within_boundary,0.1643,5.2,0.0,1650.0,114.57,90.9,151.39,False,TECH_WIND_ONSHORE,27
kek-tanjung-lesung,8.0,within_boundary,0.1643,5.2,0.0,1650.0,132.63,104.04,177.11,False,TECH_WIND_ONSHORE,27
kek-tanjung-lesung,10.0,within_boundary,0.1643,5.2,0.0,1650.0,151.9,118.05,204.55,False,TECH_WIND_ONSHORE,27
kek-tanjung-lesung,12.0,within_boundary,0.1643,5.2,0.0,1650.0,172.13,132.77,233.36,False,TECH_WIND_ONSHORE,27
kek-tanjung-lesung,14.0,within_boundary,0.1643,5.2,0.0,1650.0,193.1,148.01,263.23,False,TECH_WIND_ONSHORE,27
kek-tanjung-lesung,16.0,within_boundary,0.1643,5.2,0.0,1650.0,214.62,163.66,293.87,False,TECH_WIND_ONSHORE,27
kek-tanjung-lesung,18.0,within_boundary,0.1643,5.2,0.0,1650.0,236.54,179.61,325.1,False,TECH_WIND_ONSHORE,27
kek-tanjung-lesung,20.0,within_boundary,0.1643,5.2,0.0,1650.0,258.76,195.77,356.74,False,TECH_WIND_ONSHORE,27
kek-tanjung-lesung,4.0,grid_connected_solar,0.3869,10.35,125.3,1820.3,44.69,36.56,57.34,False,TECH_WIND_ONSHORE,27
kek-tanjung-lesung,6.0,grid_connected_solar,0.3869,10.35,125.3,1820.3,52.46,42.41,68.09,False,TECH_WIND_ONSHORE,27
kek-tanjung-lesung,8.0,grid_connected_solar,0.3869,10.35,125.3,1820.3,60.92,48.78,79.8,False,TECH_WIND_ONSHORE,27
kek-tanjung-lesung,10.0,grid_connected_solar,0.3869,10.35,125.3,1820.3,69.95,55.57,92.3,False,TECH_WIND_ONSHORE,27
kek-tanjung-lesung,12.0,grid_connected_solar,0.3869,10.35,125.3,1820.3,79.42,62.71,105.43,False,TECH_WIND_ONSHORE,27
kek-tanjung-lesung,14.0,grid_connected_solar,0.3869,10.35,125.3,1820.3,89.25,70.1,119.03,False,TECH_WIND_ONSHORE,27
kek-tanjung-lesung,16.0,grid_connected_solar,0.3869,10.35,125.3,1820.3,99.33,77.69,132.98,False,TECH_WIND_ONSHORE,27
kek-tanjung-lesung,18.0,grid_connected_solar,0.3869,10.35,125.3,1820.3,109.6,85.42,147.2,False,TECH_WIND_ONSHORE,27
kek-tanjung-lesung,20.0,grid_connected_solar,0.3869,10.35,125.3,1820.3,120.01,93.26,161.62,False,TECH_WIND_ONSHORE,27
kek-sei-mangkei,4.0,within_boundary,0.0,2.65,0.0,1650.0,,,,False,TECH_WIND_ONSHORE,27
kek-sei-mangkei,6.0,within_boundary,0.0,2.65,0.0,1650.0,,,,False,TECH_WIND_ONSHORE,27
kek-sei-mangkei,8.0,within_boundary,0.0,2.65,0.0,1650.0,,,,False,TECH_WIND_ONSHORE,27
kek-sei-mangkei,10.0,within_boundary,0.0,2.65,0.0,1650.0,,,,False,TECH_WIND_ONSHORE,27
kek-sei-mangkei,12.0,within_boundary,0.0,2.65,0.0,1650.0,,,,False,TECH_WIND_ONSHORE,27
kek-sei-mangkei,14.0,within_boundary,0.0,2.65,0.0,1650.0,,,,False,TECH_WIND_ONSHORE,27
kek-sei-mangkei,16.0,within_boundary,0.0,2.65,0.0,1650.0,,,,False,TECH_WIND_ONSHORE,27
kek-sei-mangkei,18.0,within_boundary,0.0,2.65,0.0,1650.0,,,,False,TECH_WIND_ONSHORE,27
kek-sei-mangkei,20.0,within_boundary,0.0,2.65,0.0,1650.0,,,,False,TECH_WIND_ONSHORE,27
kek-sei-mangkei,4.0,grid_connected_solar,0.1308,4.73,139.1,1834.0,132.93,108.88,170.34,False,TECH_WIND_ONSHORE,27
kek-sei-mangkei,6.0,grid_connected_solar,0.1308,4.73,139.1,1834.0,156.08,126.35,202.32,False,TECH_WIND_ONSHORE,27
kek-sei-mangkei,8.0,grid_connected_solar,0.1308,4.73,139.1,1834.0,181.29,145.37,237.15,False,TECH_WIND_ONSHORE,27
kek-sei-mangkei,10.0,grid_connected_solar,0.1308,4.73,139.1,1834.0,208.19,165.68,274.33,False,TECH_WIND_ONSHORE,27
kek-sei-mangkei,12.0,grid_connected_solar,0.1308,4.73,139.1,1834.0,236.44,186.99,313.36,False,TECH_WIND_ONSHORE,27
kek-sei-mangkei,14.0,grid_connected_solar,0.1308,4.73,139.1,1834.0,265.71,209.08,353.8,False,TECH_WIND_ONSHORE,27
kek-sei-mangkei,16.0,grid_connected_solar,0.1308,4.73,139.1,1834.0,295.76,231.76,395.32,False,TECH_WIND_ONSHORE,27
kek-sei-mangkei,18.0,grid_connected_solar,0.1308,4.73,139.1,1834.0,326.37,254.86,437.61,False,TECH_WIND_ONSHORE,27
kek-sei-mangkei,20.0,grid_connected_solar,0.1308,4.73,139.1,1834.0,357.39,278.27,480.47,False,TECH_WIND_ONSHORE,27
krakatau-steel-cilegon,4.0,within_boundary,0.0521,3.65,0.0,1650.0,309.04,248.66,402.96,False,TECH_WIND_ONSHORE,27
krakatau-steel-cilegon,6.0,within_boundary,0.0521,3.65,0.0,1650.0,361.31,286.67,477.41,False,TECH_WIND_ONSHORE,27
krakatau-steel-cilegon,8.0,within_boundary,0.0521,3.65,0.0,1650.0,418.25,328.09,558.51,False,TECH_WIND_ONSHORE,27
krakatau-steel-cilegon,10.0,within_boundary,0.0521,3.65,0.0,1650.0,479.03,372.28,645.07,False,TECH_WIND_ONSHORE,27
krakatau-steel-cilegon,12.0,within_boundary,0.0521,3.65,0.0,1650.0,542.82,418.68,735.93,False,TECH_WIND_ONSHORE,27
krakatau-steel-cilegon,14.0,within_boundary,0.0521,3.65,0.0,1650.0,608.94,466.77,830.1,False,TECH_WIND_ONSHORE,27
krakatau-steel-cilegon,16.0,within_boundary,0.0521,3.65,0.0,1650.0,676.8,516.12,926.75,False,TECH_WIND_ONSHORE,27
krakatau-steel-cilegon,18.0,within_boundary,0.0521,3.65,0.0,1650.0,745.94,566.4,1025.21,False,TECH_WIND_ONSHORE,27
krakatau-steel-cilegon,20.0,within_boundary,0.0521,3.65,0.0,1650.0,816.0,617.36,1125.0,False,TECH_WIND_ONSHORE,27
krakatau-steel-cilegon,4.0,grid_connected_solar,0.2446,6.74,97.5,1792.5,69.9,57.04,89.9,False,TECH_WIND_ONSHORE,27
krakatau-steel-cilegon,6.0,grid_connected_solar,0.2446,6.74,97.5,1792.5,81.99,66.1,106.72,False,TECH_WIND_ONSHORE,27
krakatau-steel-cilegon,8.0,grid_connected_solar,0.2446,6.74,97.5,1792.5,95.17,75.96,125.05,False,TECH_WIND_ONSHORE,27
krakatau-steel-cilegon,10.0,grid_connected_solar,0.2446,6.74,97.5,1792.5,109.23,86.5,144.6,False,TECH_WIND_ONSHORE,27
krakatau-steel-cilegon,12.0,grid_connected_solar,0.2446,6.74,97.5,1792.5,123.99,97.55,165.13,False,TECH_WIND_ONSHORE,27
krakatau-steel-cilegon,14.0,grid_connected_solar,0.2446,6.74,97.5,1792.5,139.29,109.01,186.4,False,TECH_WIND_ONSHORE,27
krakatau-steel-cilegon,16.0,grid_connected_solar,0.2446,6.74,97.5,1792.5,155.0,120.77,208.24,False,TECH_WIND_ONSHORE,27
krakatau-steel-cilegon,18.0,grid_connected_solar,0.2446,6.74,97.5,1792.5,171.0,132.75,230.48,False,TECH_WIND_ONSHORE,27
krakatau-steel-cilegon,20.0,grid_connected_solar,0.2446,6.74,97.5,1792.5,187.21,144.9,253.02,False,TECH_WIND_ONSHORE,27
krakatau-posco-cilegon,4.0,within_boundary,0.0727,3.91,0.0,1650.0,221.47,178.2,288.78,False,TECH_WIND_ONSHORE,27
krakatau-posco-cilegon,6.0,within_boundary,0.0727,3.91,0.0,1650.0,258.93,205.44,342.13,False,TECH_WIND_ONSHORE,27
krakatau-posco-cilegon,8.0,within_boundary,0.0727,3.91,0.0,1650.0,299.74,235.12,400.25,False,TECH_WIND_ONSHORE,27
krakatau-posco-cilegon,10.0,within_boundary,0.0727,3.91,0.0,1650.0,343.29,266.8,462.28,False,TECH_WIND_ONSHORE,27
krakatau-posco-cilegon,12.0,within_boundary,0.0727,3.91,0.0,1650.0,389.01,300.05,527.4,False,TECH_WIND_ONSHORE,27
krakatau-posco-cilegon,14.0,within_boundary,0.0727,3.91,0.0,1650.0,436.39,334.51,594.88,False,TECH_WIND_ONSHORE,27
krakatau-posco-cilegon,16.0,within_boundary,0.0727,3.91,0.0,1650.0,485.02,369.87,664.15,False,TECH_WIND_ONSHORE,27
krakatau-posco-cilegon,18.0,within_boundary,0.0727,3.91,0.0,1650.0,534.57,405.91,734.71,False,TECH_WIND_ONSHORE,27
krakatau-posco-cilegon,20.0,within_boundary,0.0727,3.91,0.0,1650.0,584.78,442.43,806.23,False,TECH_WIND_ONSHORE,27
krakatau-posco-cilegon,4.0,grid_connected_solar,0.2446,6.74,97.8,1792.8,69.91,57.04,89.91,False,TECH_WIND_ONSHORE,27
krakatau-posco-cilegon,6.0,grid_connected_solar,0.2446,6.74,97.8,1792.8,82.0,66.1,106.73,False,TECH_WIND_ONSHORE,27
krakatau-posco-cilegon,8.0,grid_connected_solar,0.2446,6.74,97.8,1792.8,95.18,75.98,125.06,False,TECH_WIND_ONSHORE,27
krakatau-posco-cilegon,10.0,grid_connected_solar,0.2446,6.74,97.8,1792.8,109.25,86.51,144.61,False,TECH_WIND_ONSHORE,27
krakatau-posco-cilegon,12.0,grid_connected_solar,0.2446,6.74,97.8,1792.8,124.01,97.57,165.14,False,TECH_WIND_ONSHORE,27
krakatau-posco-cilegon,14.0,grid_connected_solar,0.2446,6.74,97.8,1792.8,139.31,109.03,186.42,False,TECH_WIND_ONSHORE,27
krakatau-posco-cilegon,16.0,grid_connected_solar,0.2446,6.74,97.8,1792.8,155.02,120.79,208.25,False,TECH_WIND_ONSHORE,27
krakatau-posco-cilegon,18.0,grid_connected_solar,0.2446,6.74,97.8,1792.8,171.02,132.78,230.5,False,TECH_WIND_ONSHORE,27
krakatau-posco-cilegon,20.0,grid_connected_solar,0.2446,6.74,97.8,1792.8,187.23,144.92,253.05,False,TECH_WIND_ONSHORE,27
dexin-steel-morowali,4.0,within_boundary,0.0,2.46,0.0,1650.0,,,,False,TECH_WIND_ONSHORE,27
dexin-steel-morowali,6.0,within_boundary,0.0,2.46,0.0,1650.0,,,,False,TECH_WIND_ONSHORE,27
dexin-steel-morowali,8.0,within_boundary,0.0,2.46,0.0,1650.0,,,,False,TECH_WIND_ONSHORE,27
dexin-steel-morowali,10.0,within_boundary,0.0,2.46,0.0,1650.0,,,,False,TECH_WIND_ONSHORE,27
dexin-steel-morowali,12.0,within_boundary,0.0,2.46,0.0,1650.0,,,,False,TECH_WIND_ONSHORE,27
dexin-steel-morowali,14.0,within_boundary,0.0,2.46,0.0,1650.0,,,,False,TECH_WIND_ONSHORE,27
dexin-steel-morowali,16.0,within_boundary,0.0,2.46,0.0,1650.0,,,,False,TECH_WIND_ONSHORE,27
dexin-steel-morowali,18.0,within_boundary,0.0,2.46,0.0,1650.0,,,,False,TECH_WIND_ONSHORE,27
dexin-steel-morowali,20.0,within_boundary,0.0,2.46,0.0,1650.0,,,,False,TECH_WIND_ONSHORE,27
dexin-steel-morowali,4.0,grid_connected_solar,0.1305,4.72,656.6,2351.7,160.96,136.86,198.46,False,TECH_WIND_ONSHORE,27
dexin-steel-morowali,6.0,grid_connected_solar,0.1305,4.72,656.6,2351.7,190.71,160.91,237.06,False,TECH_WIND_ONSHORE,27
dexin-steel-morowali,8.0,grid_connected_solar,0.1305,4.72,656.6,2351.7,223.11,187.11,279.11,False,TECH_WIND_ONSHORE,27
dexin-steel-morowali,10.0,grid_connected_solar,0.1305,4.72,656.6,2351.7,257.69,215.07,323.98,False,TECH_WIND_ONSHORE,27
dexin-steel-morowali,12.0,grid_connected_solar,0.1305,4.72,656.6,2351.7,293.99,244.43,371.08,False,TECH_WIND_ONSHORE,27
dexin-steel-morowali,14.0,grid_connected_solar,0.1305,4.72,656.6,2351.7,331.61,274.85,419.9,False,TECH_WIND_ONSHORE,27
dexin-steel-morowali,16.0,grid_connected_solar,0.1305,4.72,656.6,2351.7,370.22,306.07,470.01,False,TECH_WIND_ONSHORE,27
dexin-steel-morowali,18.0,grid_connected_solar,0.1305,4.72,656.6,2351.7,409.56,337.89,521.06,False,TECH_WIND_ONSHORE,27
dexin-steel-morowali,20.0,grid_connected_solar,0.1305,4.72,656.6,2351.7,449.43,370.12,572.79,False,TECH_WIND_ONSHORE,27
gunung-raja-paksi-bekasi,4.0,within_boundary,0.05,3.15,0.0,1650.0,322.02,259.1,419.89,False,TECH_WIND_ONSHORE,27
gunung-raja-paksi-bekasi,6.0,within_boundary,0.05,3.15,0.0,1650.0,376.48,298.71,497.46,False,TECH_WIND_ONSHORE,27
gunung-raja-paksi-bekasi,8.0,within_boundary,0.05,3.15,0.0,1650.0,435.82,341.87,581.97,False,TECH_WIND_ONSHORE,27
gunung-raja-paksi-bekasi,10.0,within_boundary,0.05,3.15,0.0,1650.0,499.14,387.92,672.16,False,TECH_WIND_ONSHORE,27
gunung-raja-paksi-bekasi,12.0,within_boundary,0.05,3.15,0.0,1650.0,565.62,436.27,766.84,False,TECH_WIND_ONSHORE,27
gunung-raja-paksi-bekasi,14.0,within_boundary,0.05,3.15,0.0,1650.0,634.52,486.37,864.96,False,TECH_WIND_ONSHORE,27
gunung-raja-paksi-bekasi,16.0,within_boundary,0.05,3.15,0.0,1650.0,705.23,537.8,965.67,False,TECH_WIND_ONSHORE,27
gunung-raja-paksi-bekasi,18.0,within_boundary,0.05,3.15,0.0,1650.0,777.27,590.19,1068.27,False,TECH_WIND_ONSHORE,27
gunung-raja-paksi-bekasi,20.0,within_boundary,0.05,3.15,0.0,1650.0,850.27,643.29,1172.25,False,TECH_WIND_ONSHORE,27
gunung-raja-paksi-bekasi,4.0,grid_connected_solar,0.1945,5.64,126.4,1821.5,88.94,72.77,114.1,False,TECH_WIND_ONSHORE,27
gunung-raja-paksi-bekasi,6.0,grid_connected_solar,0.1945,5.64,126.4,1821.5,104.4,84.41,135.5,False,TECH_WIND_ONSHORE,27
gunung-raja-paksi-bekasi,8.0,grid_connected_solar,0.1945,5.64,126.4,1821.5,121.24,97.09,158.81,False,TECH_WIND_ONSHORE,27
gunung-raja-paksi-bekasi,10.0,grid_connected_solar,0.1945,5.64,126.4,1821.5,139.21,110.62,183.69,False,TECH_WIND_ONSHORE,27
gunung-raja-paksi-bekasi,12.0,grid_connected_solar,0.1945,5.64,126.4,1821.5,158.07,124.82,209.8,False,TECH_WIND_ONSHORE,27
gunung-raja-paksi-bekasi,14.0,grid_connected_solar,0.1945,5.64,126.4,1821.5,177.62,139.54,236.86,False,TECH_WIND_ONSHORE,27
gunung-raja-paksi-bekasi,16.0,grid_connected_solar,0.1945,5.64,126.4,1821.5,197.69,154.65,264.64,False,TECH_WIND_ONSHORE,27
gunung-raja-paksi-bekasi,18.0,grid_connected_solar,0.1945,5.64,126.4,1821.5,218.13,170.04,292.94,False,TECH_WIND_ONSHORE,27
gunung-raja-paksi-bekasi,20.0,grid_connected_solar,0.1945,5.64,126.4,1821.5,238.85,185.64,321.62,False,TECH_WIND_ONSHORE,27
master-steel-jakarta,4.0,within_boundary,0.05,3.47,0.0,1650.0,322.02,259.1,419.89,False,TECH_WIND_ONSHORE,27
master-steel-jakarta,6.0,within_boundary,0.05,3.47,0.0,1650.0,376.48,298.71,497.46,False,TECH_WIND_ONSHORE,27
master-steel-jakarta,8.0,within_boundary,0.05,3.47,0.0,1650.0,435.82,341.87,581.97,False,TECH_WIND_ONSHORE,27
master-steel-jakarta,10.0,within_boundary,0.05,3.47,0.0,1650.0,499.14,387.92,672.16,False,TECH_WIND_ONSHORE,27
master-steel-jakarta,12.0,within_boundary,0.05,3.47,0.0,1650.0,565.62,436.27,766.84,False,TECH_WIND_ONSHORE,27
master-steel-jakarta,14.0,within_boundary,0.05,3.47,0.0,1650.0,634.52,486.37,864.96,False,TECH_WIND_ONSHORE,27
master-steel-jakarta,16.0,within_boundary,0.05,3.47,0.0,1650.0,705.23,537.8,965.67,False,TECH_WIND_ONSHORE,27
master-steel-jakarta,18.0,within_boundary,0.05,3.47,0.0,1650.0,777.27,590.19,1068.27,False,TECH_WIND_ONSHORE,27
master-steel-jakarta,20.0,within_boundary,0.05,3.47,0.0,1650.0,850.27,643.29,1172.25,False,TECH_WIND_ONSHORE,27
master-steel-jakarta,4.0,grid_connected_solar,0.1945,5.64,88.5,1783.5,87.58,71.4,112.74,False,TECH_WIND_ONSHORE,27
master-steel-jakarta,6.0,grid_connected_solar,0.1945,5.64,88.5,1783.5,102.71,82.72,133.81,False,TECH_WIND_ONSHORE,27
master-steel-jakarta,8.0,grid_connected_solar,0.1945,5.64,88.5,1783.5,119.2,95.05,156.77,False,TECH_WIND_ONSHORE,27
master-steel-jakarta,10.0,grid_connected_solar,0.1945,5.64,88.5,1783.5,136.79,108.2,181.27,False,TECH_WIND_ONSHORE,27
master-steel-jakarta,12.0,grid_connected_solar,0.1945,5.64,88.5,1783.5,155.27,122.01,206.99,False,TECH_WIND_ONSHORE,27
master-steel-jakarta,14.0,grid_connected_solar,0.1945,5.64,88.5,1783.5,174.41,136.33,233.65,False,TECH_WIND_ONSHORE,27
master-steel-jakarta,16.0,grid_connected_solar,0.1945,5.64,88.5,1783.5,194.06,151.02,261.01,False,TECH_WIND_ONSHORE,27
master-steel-jakarta,18.0,grid_connected_solar,0.1945,5.64,88.5,1783.5,214.07,165.98,288.88,False,TECH_WIND_ONSHORE,27
master-steel-jakarta,20.0,grid_connected_solar,0.1945,5.64,88.5,1783.5,234.36,181.15,317.13,False,TECH_WIND_ONSHORE,27
jakarta-prima-steel,4.0,within_boundary,0.05,3.42,0.0,1650.0,322.02,259.1,419.89,False,TECH_WIND_ONSHORE,27
jakarta-prima-steel,6.0,within_boundary,0.05,3.42,0.0,1650.0,376.48,298.71,497.46,False,TECH_WIND_ONSHORE,27
jakarta-prima-steel,8.0,within_boundary,0.05,3.42,0.0,1650.0,435.82,341.87,581.97,False,TECH_WIND_ONSHORE,27
jakarta-prima-steel,10.0,within_boundary,0.05,3.42,0.0,1650.0,499.14,387.92,672.16,False,TECH_WIND_ONSHORE,27
jakarta-prima-steel,12.0,within_boundary,0.05,3.42,0.0,1650.0,565.62,436.27,766.84,False,TECH_WIND_ONSHORE,27
jakarta-prima-steel,14.0,within_boundary,0.05,3.42,0.0,1650.0,634.52,486.37,864.96,False,TECH_WIND_ONSHORE,27
jakarta-prima-steel,16.0,within_boundary,0.05,3.42,0.0,1650.0,705.23,537.8,965.67,False,TECH_WIND_ONSHORE,27
jakarta-prima-steel,18.0,within_boundary,0.05,3.42,0.0,1650.0,777.27,590.19,1068.27,False,TECH_WIND_ONSHORE,27
jakarta-prima-steel,20.0,within_boundary,0.05,3.42,0.0,1650.0,850.27,643.29,1172.25,False,TECH_WIND_ONSHORE,27
jakarta-prima-steel,4.0,grid_connected_solar,0.1945,5.64,125.5,1820.5,88.91,72.74,114.07,False,TECH_WIND_ONSHORE,27
jakarta-prima-steel,6.0,grid_connected_solar,0.1945,5.64,125.5,1820.5,104.36,84.37,135.46,False,TECH_WIND_ONSHORE,27
jakarta-prima-steel,8.0,grid_connected_solar,0.1945,5.64,125.5,1820.5,121.19,97.04,158.76,False,TECH_WIND_ONSHORE,27
jakarta-prima-steel,10.0,grid_connected_solar,0.1945,5.64,125.5,1820.5,139.15,110.56,183.63,False,TECH_WIND_ONSHORE,27
jakarta-prima-steel,12.0,grid_connected_solar,0.1945,5.64,125.5,1820.5,158.01,124.75,209.73,False,TECH_WIND_ONSHORE,27
jakarta-prima-steel,14.0,grid_connected_solar,0.1945,5.64,125.5,1820.5,177.55,139.47,236.79,False,TECH_WIND_ONSHORE,27
jakarta-prima-steel,16.0,grid_connected_solar,0.1945,5.64,125.5,1820.5,197.6,154.56,264.56,False,TECH_WIND_ONSHORE,27
jakarta-prima-steel,18.0,grid_connected_solar,0.1945,5.64,125.5,1820.5,218.04,169.95,292.85,False,TECH_WIND_ONSHORE,27
jakarta-prima-steel,20.0,grid_connected_solar,0.1945,5.64,125.5,1820.5,238.75,185.54,321.52,False,TECH_WIND_ONSHORE,27
ispat-indo-sidoarjo,4.0,within_boundary,0.05,3.12,0.0,1650.0,322.02,259.1,419.89,False,TECH_WIND_ONSHORE,27
ispat-indo-sidoarjo,6.0,within_boundary,0.05,3.12,0.0,1650.0,376.48,298.71,497.46,False,TECH_WIND_ONSHORE,27
ispat-indo-sidoarjo,8.0,within_boundary,0.05,3.12,0.0,1650.0,435.82,341.87,581.97,False,TECH_WIND_ONSHORE,27
ispat-indo-sidoarjo,10.0,within_boundary,0.05,3.12,0.0,1650.0,499.14,387.92,672.16,False,TECH_WIND_ONSHORE,27
ispat-indo-sidoarjo,12.0,within_boundary,0.05,3.12,0.0,1650.0,565.62,436.27,766.84,False,TECH_WIND_ONSHORE,27
ispat-indo-sidoarjo,14.0,within_boundary,0.05,3.12,0.0,1650.0,634.52,486.37,864.96,False,TECH_WIND_ONSHORE,27
ispat-indo-sidoarjo,16.0,within_boundary,0.05,3.12,0.0,1650.0,705.23,537.8,965.67,False,TECH_WIND_ONSHORE,27
ispat-indo-sidoarjo,18.0,within_boundary,0.05,3.12,0.0,1650.0,777.27,590.19,1068.27,False,TECH_WIND_ONSHORE,27
ispat-indo-sidoarjo,20.0,within_boundary,0.05,3.12,0.0,1650.0,850.27,643.29,1172.25,False,TECH_WIND_ONSHORE,27
ispat-indo-sidoarjo,4.0,grid_connected_solar,0.1811,5.44,87.3,1782.3,94.01,76.64,121.03,False,TECH_WIND_ONSHORE,27
ispat-indo-sidoarjo,6.0,grid_connected_solar,0.1811,5.44,87.3,1782.3,110.26,88.78,143.66,False,TECH_WIND_ONSHORE,27
ispat-indo-sidoarjo,8.0,grid_connected_solar,0.1811,5.44,87.3,1782.3,127.95,102.01,168.3,False,TECH_WIND_ONSHORE,27
ispat-indo-sidoarjo,10.0,grid_connected_solar,0.1811,5.44,87.3,1782.3,146.84,116.13,194.6,False,TECH_WIND_ONSHORE,27
ispat-indo-sidoarjo,12.0,grid_connected_solar,0.1811,5.44,87.3,1782.3,166.66,130.95,222.22,False,TECH_WIND_ONSHORE,27
ispat-indo-sidoarjo,14.0,grid_connected_solar,0.1811,5.44,87.3,1782.3,187.21,146.31,250.83,False,TECH_WIND_ONSHORE,27
ispat-indo-sidoarjo,16.0,grid_connected_solar,0.1811,5.44,87.3,1782.3,208.3,162.07,280.2,False,TECH_WIND_ONSHORE,27
ispat-indo-sidoarjo,18.0,grid_connected_solar,0.1811,5.44,87.3,1782.3,229.78,178.13,310.13,False,TECH_WIND_ONSHORE,27
ispat-indo-sidoarjo,20.0,grid_connected_solar,0.1811,5.44,87.3,1782.3,251.55,194.41,340.45,False,TECH_WIND_ONSHORE,27
semen-gresik-tuban,4.0,within_boundary,0.1163,4.52,0.0,1650.0,138.44,111.39,180.52,False,TECH_WIND_ONSHORE,27
semen-gresik-tuban,6.0,within_boundary,0.1163,4.52,0.0,1650.0,161.86,128.42,213.87,False,TECH_WIND_ONSHORE,27
semen-gresik-tuban,8.0,within_boundary,0.1163,4.52,0.0,1650.0,187.37,146.98,250.2,False,TECH_WIND_ONSHORE,27
semen-gresik-tuban,10.0,within_boundary,0.1163,4.52,0.0,1650.0,214.59,166.78,288.98,False,TECH_WIND_ONSHORE,27
semen-gresik-tuban,12.0,within_boundary,0.1163,4.52,0.0,1650.0,243.17,187.56,329.68,False,TECH_WIND_ONSHORE,27
semen-gresik-tuban,14.0,within_boundary,0.1163,4.52,0.0,1650.0,272.79,209.1,371.87,False,TECH_WIND_ONSHORE,27
semen-gresik-tuban,16.0,within_boundary,0.1163,4.52,0.0,1650.0,303.19,231.21,415.16,False,TECH_WIND_ONSHORE,27
semen-gresik-tuban,18.0,within_boundary,0.1163,4.52,0.0,1650.0,334.16,253.74,459.27,False,TECH_WIND_ONSHORE,27
semen-gresik-tuban,20.0,within_boundary,0.1163,4.52,0.0,1650.0,365.55,276.56,503.98,False,TECH_WIND_ONSHORE,27
semen-gresik-tuban,4.0,grid_connected_solar,0.1927,5.61,86.5,1781.5,88.32,72.0,113.72,False,TECH_WIND_ONSHORE,27
semen-gresik-tuban,6.0,grid_connected_solar,0.1927,5.61,86.5,1781.5,103.58,83.4,134.97,False,TECH_WIND_ONSHORE,27
semen-gresik-tuban,8.0,grid_connected_solar,0.1927,5.61,86.5,1781.5,120.21,95.83,158.13,False,TECH_WIND_ONSHORE,27
semen-gresik-tuban,10.0,grid_connected_solar,0.1927,5.61,86.5,1781.5,137.95,109.09,182.84,False,TECH_WIND_ONSHORE,27
semen-gresik-tuban,12.0,grid_connected_solar,0.1927,5.61,86.5,1781.5,156.57,123.01,208.78,False,TECH_WIND_ONSHORE,27
semen-gresik-tuban,14.0,grid_connected_solar,0.1927,5.61,86.5,1781.5,175.87,137.43,235.66,False,TECH_WIND_ONSHORE,27
semen-gresik-tuban,16.0,grid_connected_solar,0.1927,5.61,86.5,1781.5,195.68,152.24,263.26,False,TECH_WIND_ONSHORE,27
semen-gresik-tuban,18.0,grid_connected_solar,0.1927,5.61,86.5,1781.5,215.86,167.32,291.37,False,TECH_WIND_ONSHORE,27
semen-gresik-tuban,20.0,grid_connected_solar,0.1927,5.61,86.5,1781.5,236.32,182.61,319.86,False,TECH_WIND_ONSHORE,27
indocement-citeureup,4.0,within_boundary,0.05,3.16,0.0,1650.0,322.02,259.1,419.89,False,TECH_WIND_ONSHORE,27
indocement-citeureup,6.0,within_boundary,0.05,3.16,0.0,1650.0,376.48,298.71,497.46,False,TECH_WIND_ONSHORE,27
indocement-citeureup,8.0,within_boundary,0.05,3.16,0.0,1650.0,435.82,341.87,581.97,False,TECH_WIND_ONSHORE,27
indocement-citeureup,10.0,within_boundary,0.05,3.16,0.0,1650.0,499.14,387.92,672.16,False,TECH_WIND_ONSHORE,27
indocement-citeureup,12.0,within_boundary,0.05,3.16,0.0,1650.0,565.62,436.27,766.84,False,TECH_WIND_ONSHORE,27
indocement-citeureup,14.0,within_boundary,0.05,3.16,0.0,1650.0,634.52,486.37,864.96,False,TECH_WIND_ONSHORE,27
indocement-citeureup,16.0,within_boundary,0.05,3.16,0.0,1650.0,705.23,537.8,965.67,False,TECH_WIND_ONSHORE,27
indocement-citeureup,18.0,within_boundary,0.05,3.16,0.0,1650.0,777.27,590.19,1068.27,False,TECH_WIND_ONSHORE,27
indocement-citeureup,20.0,within_boundary,0.05,3.16,0.0,1650.0,850.27,643.29,1172.25,False,TECH_WIND_ONSHORE,27
indocement-citeureup,4.0,grid_connected_solar,0.1945,5.64,125.8,1820.8,88.92,72.75,114.08,False,TECH_WIND_ONSHORE,27
indocement-citeureup,6.0,grid_connected_solar,0.1945,5.64,125.8,1820.8,104.37,84.38,135.47,False,TECH_WIND_ONSHORE,27
indocement-citeureup,8.0,grid_connected_solar,0.1945,5.64,125.8,1820.8,121.2,97.05,158.77,False,TECH_WIND_ONSHORE,27
indocement-citeureup,10.0,grid_connected_solar,0.1945,5.64,125.8,1820.8,139.17,110.57,183.64,False,TECH_WIND_ONSHORE,27
indocement-citeureup,12.0,grid_connected_solar,0.1945,5.64,125.8,1820.8,158.03,124.77,209.75,False,TECH_WIND_ONSHORE,27
indocement-citeureup,14.0,grid_connected_solar,0.1945,5.64,125.8,1820.8,177.57,139.49,236.81,False,TECH_WIND_ONSHORE,27
indocement-citeureup,16.0,grid_connected_solar,0.1945,5.64,125.8,1820.8,197.63,154.59,264.58,False,TECH_WIND_ONSHORE,27
indocement-citeureup,18.0,grid_connected_solar,0.1945,5.64,125.8,1820.8,218.06,169.97,292.87,False,TECH_WIND_ONSHORE,27
indocement-citeureup,20.0,grid_connected_solar,0.1945,5.64,125.8,1820.8,238.78,185.57,321.55,False,TECH_WIND_ONSHORE,27
semen-padang-indarung,4.0,within_boundary,0.0,1.45,0.0,1650.0,,,,False,TECH_WIND_ONSHORE,27
semen-padang-indarung,6.0,within_boundary,0.0,1.45,0.0,1650.0,,,,False,TECH_WIND_ONSHORE,27
semen-padang-indarung,8.0,within_boundary,0.0,1.45,0.0,1650.0,,,,False,TECH_WIND_ONSHORE,27
semen-padang-indarung,10.0,within_boundary,0.0,1.45,0.0,1650.0,,,,False,TECH_WIND_ONSHORE,27
semen-padang-indarung,12.0,within_boundary,0.0,1.45,0.0,1650.0,,,,False,TECH_WIND_ONSHORE,27
semen-padang-indarung,14.0,within_boundary,0.0,1.45,0.0,1650.0,,,,False,TECH_WIND_ONSHORE,27
semen-padang-indarung,16.0,within_boundary,0.0,1.45,0.0,1650.0,,,,False,TECH_WIND_ONSHORE,27
semen-padang-indarung,18.0,within_boundary,0.0,1.45,0.0,1650.0,,,,False,TECH_WIND_ONSHORE,27
semen-padang-indarung,20.0,within_boundary,0.0,1.45,0.0,1650.0,,,,False,TECH_WIND_ONSHORE,27
semen-padang-indarung,4.0,grid_connected_solar,0.3671,9.68,82.0,1777.0,46.28,37.71,59.61,False,TECH_WIND_ONSHORE,27
semen-padang-indarung,6.0,grid_connected_solar,0.3671,9.68,82.0,1777.0,54.27,43.68,70.75,False,TECH_WIND_ONSHORE,27
semen-padang-indarung,8.0,grid_connected_solar,0.3671,9.68,82.0,1777.0,62.97,50.18,82.88,False,TECH_WIND_ONSHORE,27
semen-padang-indarung,10.0,grid_connected_solar,0.3671,9.68,82.0,1777.0,72.26,57.11,95.83,False,TECH_WIND_ONSHORE,27
semen-padang-indarung,12.0,grid_connected_solar,0.3671,9.68,82.0,1777.0,82.01,64.39,109.42,False,TECH_WIND_ONSHORE,27
semen-padang-indarung,14.0,grid_connected_solar,0.3671,9.68,82.0,1777.0,92.12,71.94,123.51,False,TECH_WIND_ONSHORE,27
semen-padang-indarung,16.0,grid_connected_solar,0.3671,9.68,82.0,1777.0,102.49,79.69,137.97,False,TECH_WIND_ONSHORE,27
semen-padang-indarung,18.0,grid_connected_solar,0.3671,9.68,82.0,1777.0,113.06,87.58,152.7,False,TECH_WIND_ONSHORE,27
semen-padang-indarung,20.0,grid_connected_solar,0.3671,9.68,82.0,1777.0,123.77,95.58,167.62,False,TECH_WIND_ONSHORE,27
semen-tonasa,4.0,within_boundary,0.0,2.93,0.0,1650.0,,,,False,TECH_WIND_ONSHORE,27
semen-tonasa,6.0,within_boundary,0.0,2.93,0.0,1650.0,,,,False,TECH_WIND_ONSHORE,27
semen-tonasa,8.0,within_boundary,0.0,2.93,0.0,1650.0,,,,False,TECH_WIND_ONSHORE,27
semen-tonasa,10.0,within_boundary,0.0,2.93,0.0,1650.0,,,,False,TECH_WIND_ONSHORE,27
semen-tonasa,12.0,within_boundary,0.0,2.93,0.0,1650.0,,,,False,TECH_WIND_ONSHORE,27
semen-tonasa,14.0,within_boundary,0.0,2.93,0.0,1650.0,,,,False,TECH_WIND_ONSHORE,27
semen-tonasa,16.0,within_boundary,0.0,2.93,0.0,1650.0,,,,False,TECH_WIND_ONSHORE,27
semen-tonasa,18.0,within_boundary,0.0,2.93,0.0,1650.0,,,,False,TECH_WIND_ONSHORE,27
semen-tonasa,20.0,within_boundary,0.0,2.93,0.0,1650.0,,,,False,TECH_WIND_ONSHORE,27
semen-tonasa,4.0,grid_connected_solar,0.4197,11.99,82.5,1777.5,40.49,32.99,52.15,False,TECH_WIND_ONSHORE,27
semen-tonasa,6.0,grid_connected_solar,0.4197,11.99,82.5,1777.5,47.48,38.21,61.89,False,TECH_WIND_ONSHORE,27
semen-tonasa,8.0,grid_connected_solar,0.4197,11.99,82.5,1777.5,55.09,43.9,72.5,False,TECH_WIND_ONSHORE,27
semen-tonasa,10.0,grid_connected_solar,0.4197,11.99,82.5,1777.5,63.22,49.97,83.83,False,TECH_WIND_ONSHORE,27
semen-tonasa,12.0,grid_connected_solar,0.4197,11.99,82.5,1777.5,71.75,56.34,95.72,False,TECH_WIND_ONSHORE,27
semen-tonasa,14.0,grid_connected_solar,0.4197,11.99,82.5,1777.5,80.59,62.94,108.04,False,TECH_WIND_ONSHORE,27
semen-tonasa,16.0,grid_connected_solar,0.4197,11.99,82.5,1777.5,89.66,69.72,120.69,False,TECH_WIND_ONSHORE,27
semen-tonasa,18.0,grid_connected_solar,0.4197,11.99,82.5,1777.5,98.91,76.62,133.58,False,TECH_WIND_ONSHORE,27
semen-tonasa,20.0,grid_connected_solar,0.4197,11.99,82.5,1777.5,108.28,83.62,146.64,False,TECH_WIND_ONSHORE,27
sbi-narogong,4.0,within_boundary,0.05,3.03,0.0,1650.0,322.02,259.1,419.89,False,TECH_WIND_ONSHORE,27
sbi-narogong,6.0,within_boundary,0.05,3.03,0.0,1650.0,376.48,298.71,497.46,False,TECH_WIND_ONSHORE,27
sbi-narogong,8.0,within_boundary,0.05,3.03,0.0,1650.0,435.82,341.87,581.97,False,TECH_WIND_ONSHORE,27
sbi-narogong,10.0,within_boundary,0.05,3.03,0.0,1650.0,499.14,387.92,672.16,False,TECH_WIND_ONSHORE,27
sbi-narogong,12.0,within_boundary,0.05,3.03,0.0,1650.0,565.62,436.27,766.84,False,TECH_WIND_ONSHORE,27
sbi-narogong,14.0,within_boundary,0.05,3.03,0.0,1650.0,634.52,486.37,864.96,False,TECH_WIND_ONSHORE,27
sbi-narogong,16.0,within_boundary,0.05,3.03,0.0,1650.0,705.23,537.8,965.67,False,TECH_WIND_ONSHORE,27
sbi-narogong,18.0,within_boundary,0.05,3.03,0.0,1650.0,777.27,590.19,1068.27,False,TECH_WIND_ONSHORE,27
sbi-narogong,20.0,within_boundary,0.05,3.03,0.0,1650.0,850.27,643.29,1172.25,False,TECH_WIND_ONSHORE,27
sbi-narogong,4.0,grid_connected_solar,0.1945,5.64,88.8,1783.8,87.59,71.42,112.75,False,TECH_WIND_ONSHORE,27
sbi-narogong,6.0,grid_connected_solar,0.1945,5.64,88.8,1783.8,102.73,82.74,133.83,False,TECH_WIND_ONSHORE,27
sbi-narogong,8.0,grid_connected_solar,0.1945,5.64,88.8,1783.8,119.22,95.07,156.79,False,TECH_WIND_ONSHORE,27
sbi-narogong,10.0,grid_connected_solar,0.1945,5.64,88.8,1783.8,136.82,108.23,181.3,False,TECH_WIND_ONSHORE,27
sbi-narogong,12.0,grid_connected_solar,0.1945,5.64,88.8,1783.8,155.29,122.04,207.02,False,TECH_WIND_ONSHORE,27
sbi-narogong,14.0,grid_connected_solar,0.1945,5.64,88.8,1783.8,174.44,136.36,233.68,False,TECH_WIND_ONSHORE,27
sbi-narogong,16.0,grid_connected_solar,0.1945,5.64,88.8,1783.8,194.09,151.05,261.05,False,TECH_WIND_ONSHORE,27
sbi-narogong,18.0,grid_connected_solar,0.1945,5.64,88.8,1783.8,214.12,166.02,288.92,False,TECH_WIND_ONSHORE,27
sbi-narogong,20.0,grid_connected_solar,0.1945,5.64,88.8,1783.8,234.41,181.2,317.18,False,TECH_WIND_ONSHORE,27
conch-cement-north-sulawesi,4.0,within_boundary,0.103,4.33,0.0,1650.0,156.32,125.78,203.83,False,TECH_WIND_ONSHORE,27
conch-cement-north-sulawesi,6.0,within_boundary,0.103,4.33,0.0,1650.0,182.76,145.01,241.49,False,TECH_WIND_ONSHORE,27
conch-cement-north-sulawesi,8.0,within_boundary,0.103,4.33,0.0,1650.0,211.56,165.95,282.51,False,TECH_WIND_ONSHORE,27
conch-cement-north-sulawesi,10.0,within_boundary,0.103,4.33,0.0,1650.0,242.3,188.31,326.29,False,TECH_WIND_ONSHORE,27
conch-cement-north-sulawesi,12.0,within_boundary,0.103,4.33,0.0,1650.0,274.57,211.78,372.25,False,TECH_WIND_ONSHORE,27
conch-cement-north-sulawesi,14.0,within_boundary,0.103,4.33,0.0,1650.0,308.02,236.1,419.88,False,TECH_WIND_ONSHORE,27
conch-cement-north-sulawesi,16.0,within_boundary,0.103,4.33,0.0,1650.0,342.34,261.07,468.77,False,TECH_WIND_ONSHORE,27
conch-cement-north-sulawesi,18.0,within_boundary,0.103,4.33,0.0,1650.0,377.31,286.5,518.58,False,TECH_WIND_ONSHORE,27
conch-cement-north-sulawesi,20.0,within_boundary,0.103,4.33,0.0,1650.0,412.75,312.28,569.05,False,TECH_WIND_ONSHORE,27
conch-cement-north-sulawesi,4.0,grid_connected_solar,0.3647,9.62,132.4,1827.4,47.55,38.92,60.97,False,TECH_WIND_ONSHORE,27
conch-cement-north-sulawesi,6.0,grid_connected_solar,0.3647,9.62,132.4,1827.4,55.82,45.16,72.4,False,TECH_WIND_ONSHORE,27
conch-cement-north-sulawesi,8.0,grid_connected_solar,0.3647,9.62,132.4,1827.4,64.83,51.95,84.87,False,TECH_WIND_ONSHORE,27
conch-cement-north-sulawesi,10.0,grid_connected_solar,0.3647,9.62,132.4,1827.4,74.44,59.19,98.16,False,TECH_WIND_ONSHORE,27
conch-cement-north-sulawesi,12.0,grid_connected_solar,0.3647,9.62,132.4,1827.4,84.54,66.8,112.12,False,TECH_WIND_ONSHORE,27
conch-cement-north-sulawesi,14.0,grid_connected_solar,0.3647,9.62,132.4,1827.4,95.0,74.69,126.59,False,TECH_WIND_ONSHORE,27
conch-cement-north-sulawesi,16.0,grid_connected_solar,0.3647,9.62,132.4,1827.4,105.73,82.78,141.44,False,TECH_WIND_ONSHORE,27
conch-cement-north-sulawesi,18.0,grid_connected_solar,0.3647,9.62,132.4,1827.4,116.67,91.03,156.57,False,TECH_WIND_ONSHORE,27
conch-cement-north-sulawesi,20.0,grid_connected_solar,0.3647,9.62,132.4,1827.4,127.76,99.38,171.9,False,TECH_WIND_ONSHORE,27
semen-bosowa-maros,4.0,within_boundary,0.0,2.65,0.0,1650.0,,,,False,TECH_WIND_ONSHORE,27
semen-bosowa-maros,6.0,within_boundary,0.0,2.65,0.0,1650.0,,,,False,TECH_WIND_ONSHORE,27
semen-bosowa-maros,8.0,within_boundary,0.0,2.65,0.0,1650.0,,,,False,TECH_WIND_ONSHORE,27
semen-bosowa-maros,10.0,within_boundary,0.0,2.65,0.0,1650.0,,,,False,TECH_WIND_ONSHORE,27
semen-bosowa-maros,12.0,within_boundary,0.0,2.65,0.0,1650.0,,,,False,TECH_WIND_ONSHORE,27
semen-bosowa-maros,14.0,within_boundary,0.0,2.65,0.0,1650.0,,,,False,TECH_WIND_ONSHORE,27
semen-bosowa-maros,16.0,within_boundary,0.0,2.65,0.0,1650.0,,,,False,TECH_WIND_ONSHORE,27
semen-bosowa-maros,18.0,within_boundary,0.0,2.65,0.0,1650.0,,,,False,TECH_WIND_ONSHORE,27
semen-bosowa-maros,20.0,within_boundary,0.0,2.65,0.0,1650.0,,,,False,TECH_WIND_ONSHORE,27
semen-bosowa-maros,4.0,grid_connected_solar,0.4197,11.99,93.8,1788.8,40.67,33.18,52.33,False,TECH_WIND_ONSHORE,27
semen-bosowa-maros,6.0,grid_connected_solar,0.4197,11.99,93.8,1788.8,47.71,38.44,62.12,False,TECH_WIND_ONSHORE,27
semen-bosowa-maros,8.0,grid_connected_solar,0.4197,11.99,93.8,1788.8,55.37,44.18,72.78,False,TECH_WIND_ONSHORE,27
semen-bosowa-maros,10.0,grid_connected_solar,0.4197,11.99,93.8,1788.8,63.55,50.3,84.16,False,TECH_WIND_ONSHORE,27
semen-bosowa-maros,12.0,grid_connected_solar,0.4197,11.99,93.8,1788.8,72.14,56.73,96.11,False,TECH_WIND_ONSHORE,27
semen-bosowa-maros,14.0,grid_connected_solar,0.4197,11.99,93.8,1788.8,81.04,63.39,108.49,False,TECH_WIND_ONSHORE,27
semen-bosowa-maros,16.0,grid_connected_solar,0.4197,11.99,93.8,1788.8,90.17,70.22,121.2,False,TECH_WIND_ONSHORE,27
semen-bosowa-maros,18.0,grid_connected_solar,0.4197,11.99,93.8,1788.8,99.47,77.19,134.14,False,TECH_WIND_ONSHORE,27
semen-bosowa-maros,20.0,grid_connected_solar,0.4197,11.99,93.8,1788.8,108.9,84.24,147.26,False,TECH_WIND_ONSHORE,27
red-lion-hongshi-tonga,4.0,within_boundary,0.0,2.65,0.0,1650.0,,,,False,TECH_WIND_ONSHORE,27
red-lion-hongshi-tonga,6.0,within_boundary,0.0,2.65,0.0,1650.0,,,,False,TECH_WIND_ONSHORE,27
red-lion-hongshi-tonga,8.0,within_boundary,0.0,2.65,0.0,1650.0,,,,False,TECH_WIND_ONSHORE,27
red-lion-hongshi-tonga,10.0,within_boundary,0.0,2.65,0.0,1650.0,,,,False,TECH_WIND_ONSHORE,27
red-lion-hongshi-tonga,12.0,within_boundary,0.0,2.65,0.0,1650.0,,,,False,TECH_WIND_ONSHORE,27
red-lion-hongshi-tonga,14.0,within_boundary,0.0,2.65,0.0,1650.0,,,,False,TECH_WIND_ONSHORE,27
red-lion-hongshi-tonga,16.0,within_boundary,0.0,2.65,0.0,1650.0,,,,False,TECH_WIND_ONSHORE,27
red-lion-hongshi-tonga,18.0,within_boundary,0.0,2.65,0.0,1650.0,,,,False,TECH_WIND_ONSHORE,27
red-lion-hongshi-tonga,20.0,within_boundary,0.0,2.65,0.0,1650.0,,,,False,TECH_WIND_ONSHORE,27
red-lion-hongshi-tonga,4.0,grid_connected_solar,0.217,5.96,224.0,1919.0,82.86,68.37,105.41,False,TECH_WIND_ONSHORE,27
red-lion-hongshi-tonga,6.0,grid_connected_solar,0.217,5.96,224.0,1919.0,97.46,79.54,125.33,False,TECH_WIND_ONSHORE,27
red-lion-hongshi-tonga,8.0,grid_connected_solar,0.217,5.96,224.0,1919.0,113.36,91.71,147.04,False,TECH_WIND_ONSHORE,27
red-lion-hongshi-tonga,10.0,grid_connected_solar,0.217,5.96,224.0,1919.0,130.33,104.7,170.19,False,TECH_WIND_ONSHORE,27
red-lion-hongshi-tonga,12.0,grid_connected_solar,0.217,5.96,224.0,1919.0,148.14,118.34,194.51,False,TECH_WIND_ONSHORE,27
red-lion-hongshi-tonga,14.0,grid_connected_solar,0.217,5.96,224.0,1919.0,166.61,132.47,219.7,False,TECH_WIND_ONSHORE,27
red-lion-hongshi-tonga,16.0,grid_connected_solar,0.217,5.96,224.0,1919.0,185.56,146.98,245.57,False,TECH_WIND_ONSHORE,27
red-lion-hongshi-tonga,18.0,grid_connected_solar,0.217,5.96,224.0,1919.0,204.86,161.76,271.91,False,TECH_WIND_ONSHORE,27
red-lion-hongshi-tonga,20.0,grid_connected_solar,0.217,5.96,224.0,1919.0,224.43,176.73,298.61,False,TECH_WIND_ONSHORE,27
inalum-asahan,4.0,within_boundary,0.0,1.78,0.0,1650.0,,,,False,TECH_WIND_ONSHORE,27
inalum-asahan,6.0,within_boundary,0.0,1.78,0.0,1650.0,,,,False,TECH_WIND_ONSHORE,27
inalum-asahan,8.0,within_boundary,0.0,1.78,0.0,1650.0,,,,False,TECH_WIND_ONSHORE,27
inalum-asahan,10.0,within_boundary,0.0,1.78,0.0,1650.0,,,,False,TECH_WIND_ONSHORE,27
inalum-asahan,12.0,within_boundary,0.0,1.78,0.0,1650.0,,,,False,TECH_WIND_ONSHORE,27
inalum-asahan,14.0,within_boundary,0.0,1.78,0.0,1650.0,,,,False,TECH_WIND_ONSHORE,27
inalum-asahan,16.0,within_boundary,0.0,1.78,0.0,1650.0,,,,False,TECH_WIND_ONSHORE,27
inalum-asahan,18.0,within_boundary,0.0,1.78,0.0,1650.0,,,,False,TECH_WIND_ONSHORE,27
inalum-asahan,20.0,within_boundary,0.0,1.78,0.0,1650.0,,,,False,TECH_WIND_ONSHORE,27
inalum-asahan,4.0,grid_connected_solar,0.2173,5.96,186.8,1881.8,81.55,67.08,104.07,False,TECH_WIND_ONSHORE,27
inalum-asahan,6.0,grid_connected_solar,0.2173,5.96,186.8,1881.8,95.85,77.95,123.68,False,TECH_WIND_ONSHORE,27
inalum-asahan,8.0,grid_connected_solar,0.2173,5.96,186.8,1881.8,111.42,89.8,145.05,False,TECH_WIND_ONSHORE,27
inalum-asahan,10.0,grid_connected_solar,0.2173,5.96,186.8,1881.8,128.03,102.44,167.84,False,TECH_WIND_ONSHORE,27
inalum-asahan,12.0,grid_connected_solar,0.2173,5.96,186.8,1881.8,145.48,115.72,191.78,False,TECH_WIND_ONSHORE,27
inalum-asahan,14.0,grid_connected_solar,0.2173,5.96,186.8,1881.8,163.56,129.47,216.58,False,TECH_WIND_ONSHORE,27
inalum-asahan,16.0,grid_connected_solar,0.2173,5.96,186.8,1881.8,182.11,143.59,242.04,False,TECH_WIND_ONSHORE,27
inalum-asahan,18.0,grid_connected_solar,0.2173,5.96,186.8,1881.8,201.02,157.97,267.98,False,TECH_WIND_ONSHORE,27
inalum-asahan,20.0,grid_connected_solar,0.2173,5.96,186.8,1881.8,220.18,172.55,294.26,False,TECH_WIND_ONSHORE,27
freeport-smelter-gresik,4.0,within_boundary,0.0613,3.77,0.0,1650.0,262.66,211.34,342.49,False,TECH_WIND_ONSHORE,27
freeport-smelter-gresik,6.0,within_boundary,0.0613,3.77,0.0,1650.0,307.08,243.65,405.76,False,TECH_WIND_ONSHORE,27
freeport-smelter-gresik,8.0,within_boundary,0.0613,3.77,0.0,1650.0,355.48,278.85,474.69,False,TECH_WIND_ONSHORE,27
freeport-smelter-gresik,10.0,within_boundary,0.0613,3.77,0.0,1650.0,407.13,316.41,548.25,False,TECH_WIND_ONSHORE,27
freeport-smelter-gresik,12.0,within_boundary,0.0613,3.77,0.0,1650.0,461.35,355.85,625.48,False,TECH_WIND_ONSHORE,27
freeport-smelter-gresik,14.0,within_boundary,0.0613,3.77,0.0,1650.0,517.55,396.72,705.52,False,TECH_WIND_ONSHORE,27
freeport-smelter-gresik,16.0,within_boundary,0.0613,3.77,0.0,1650.0,575.22,438.66,787.66,False,TECH_WIND_ONSHORE,27
freeport-smelter-gresik,18.0,within_boundary,0.0613,3.77,0.0,1650.0,633.99,481.4,871.35,False,TECH_WIND_ONSHORE,27
freeport-smelter-gresik,20.0,within_boundary,0.0613,3.77,0.0,1650.0,693.53,524.7,956.16,False,TECH_WIND_ONSHORE,27
freeport-smelter-gresik,4.0,grid_connected_solar,0.1357,4.8,88.3,1783.3,125.52,102.34,161.58,False,TECH_WIND_ONSHORE,27
freeport-smelter-gresik,6.0,grid_connected_solar,0.1357,4.8,88.3,1783.3,147.21,118.55,191.78,False,TECH_WIND_ONSHORE,27
freeport-smelter-gresik,8.0,grid_connected_solar,0.1357,4.8,88.3,1783.3,170.84,136.22,224.69,False,TECH_WIND_ONSHORE,27
freeport-smelter-gresik,10.0,grid_connected_solar,0.1357,4.8,88.3,1783.3,196.05,155.07,259.8,False,TECH_WIND_ONSHORE,27
freeport-smelter-gresik,12.0,grid_connected_solar,0.1357,4.8,88.3,1783.3,222.53,174.87,296.67,False,TECH_WIND_ONSHORE,27
freeport-smelter-gresik,14.0,grid_connected_solar,0.1357,4.8,88.3,1783.3,249.96,195.38,334.87,False,TECH_WIND_ONSHORE,27
freeport-smelter-gresik,16.0,grid_connected_solar,0.1357,4.8,88.3,1783.3,278.12,216.43,374.08,False,TECH_WIND_ONSHORE,27
freeport-smelter-gresik,18.0,grid_connected_solar,0.1357,4.8,88.3,1783.3,306.81,237.88,414.03,False,TECH_WIND_ONSHORE,27
freeport-smelter-gresik,20.0,grid_connected_solar,0.1357,4.8,88.3,1783.3,335.88,259.62,454.52,False,TECH_WIND_ONSHORE,27
pupuk-kaltim-bontang,4.0,within_boundary,0.077,3.96,0.0,1650.0,209.1,168.25,272.65,False,TECH_WIND_ONSHORE,27
pupuk-kaltim-bontang,6.0,within_boundary,0.077,3.96,0.0,1650.0,244.47,193.97,323.03,False,TECH_WIND_ONSHORE,27
pupuk-kaltim-bontang,8.0,within_boundary,0.077,3.96,0.0,1650.0,283.0,221.99,377.9,False,TECH_WIND_ONSHORE,27
pupuk-kaltim-bontang,10.0,within_boundary,0.077,3.96,0.0,1650.0,324.12,251.9,436.47,False,TECH_WIND_ONSHORE,27
pupuk-kaltim-bontang,12.0,within_boundary,0.077,3.96,0.0,1650.0,367.29,283.29,497.95,False,TECH_WIND_ONSHORE,27
pupuk-kaltim-bontang,14.0,within_boundary,0.077,3.96,0.0,1650.0,412.02,315.83,561.66,False,TECH_WIND_ONSHORE,27
pupuk-kaltim-bontang,16.0,within_boundary,0.077,3.96,0.0,1650.0,457.94,349.22,627.06,False,TECH_WIND_ONSHORE,27
pupuk-kaltim-bontang,18.0,within_boundary,0.077,3.96,0.0,1650.0,504.72,383.24,693.68,False,TECH_WIND_ONSHORE,27
pupuk-kaltim-bontang,20.0,within_boundary,0.077,3.96,0.0,1650.0,552.13,417.72,761.2,False,TECH_WIND_ONSHORE,27
pupuk-kaltim-bontang,4.0,grid_connected_solar,0.1143,4.49,90.8,1785.8,149.17,121.65,191.99,False,TECH_WIND_ONSHORE,27
pupuk-kaltim-bontang,6.0,grid_connected_solar,0.1143,4.49,90.8,1785.8,174.96,140.94,227.88,False,TECH_WIND_ONSHORE,27
pupuk-kaltim-bontang,8.0,grid_connected_solar,0.1143,4.49,90.8,1785.8,203.06,161.96,266.99,False,TECH_WIND_ONSHORE,27
pupuk-kaltim-bontang,10.0,grid_connected_solar,0.1143,4.49,90.8,1785.8,233.04,184.38,308.72,False,TECH_WIND_ONSHORE,27
pupuk-kaltim-bontang,12.0,grid_connected_solar,0.1143,4.49,90.8,1785.8,264.51,207.93,352.53,False,TECH_WIND_ONSHORE,27
pupuk-kaltim-bontang,14.0,grid_connected_solar,0.1143,4.49,90.8,1785.8,297.13,232.33,397.94,False,TECH_WIND_ONSHORE,27
pupuk-kaltim-bontang,16.0,grid_connected_solar,0.1143,4.49,90.8,1785.8,330.61,257.37,444.54,False,TECH_WIND_ONSHORE,27
pupuk-kaltim-bontang,18.0,grid_connected_solar,0.1143,4.49,90.8,1785.8,364.72,282.88,492.02,False,TECH_WIND_ONSHORE,27
pupuk-kaltim-bontang,20.0,grid_connected_solar,0.1143,4.49,90.8,1785.8,399.28,308.74,540.13,False,TECH_WIND_ONSHORE,27
pupuk-sriwidjaja-palembang,4.0,within_boundary,0.0536,3.67,0.0,1650.0,300.39,241.7,391.69,False,TECH_WIND_ONSHORE,27
pupuk-sriwidjaja-palembang,6.0,within_boundary,0.0536,3.67,0.0,1650.0,351.2,278.65,464.05,False,TECH_WIND_ONSHORE,27
pupuk-sriwidjaja-palembang,8.0,within_boundary,0.0536,3.67,0.0,1650.0,406.55,318.91,542.88,False,TECH_WIND_ONSHORE,27
pupuk-sriwidjaja-palembang,10.0,within_boundary,0.0536,3.67,0.0,1650.0,465.62,361.87,627.01,False,TECH_WIND_ONSHORE,27
pupuk-sriwidjaja-palembang,12.0,within_boundary,0.0536,3.67,0.0,1650.0,527.63,406.97,715.33,False,TECH_WIND_ONSHORE,27
pupuk-sriwidjaja-palembang,14.0,within_boundary,0.0536,3.67,0.0,1650.0,591.9,453.71,806.87,False,TECH_WIND_ONSHORE,27
pupuk-sriwidjaja-palembang,16.0,within_boundary,0.0536,3.67,0.0,1650.0,657.86,501.68,900.81,False,TECH_WIND_ONSHORE,27
pupuk-sriwidjaja-palembang,18.0,within_boundary,0.0536,3.67,0.0,1650.0,725.06,550.55,996.52,False,TECH_WIND_ONSHORE,27
pupuk-sriwidjaja-palembang,20.0,within_boundary,0.0536,3.67,0.0,1650.0,793.17,600.08,1093.52,False,TECH_WIND_ONSHORE,27
pupuk-sriwidjaja-palembang,4.0,grid_connected_solar,0.097,4.24,90.5,1785.5,175.75,143.32,226.2,False,TECH_WIND_ONSHORE,27
pupuk-sriwidjaja-palembang,6.0,grid_connected_solar,0.097,4.24,90.5,1785.5,206.13,166.04,268.49,False,TECH_WIND_ONSHORE,27
pupuk-sriwidjaja-palembang,8.0,grid_connected_solar,0.097,4.24,90.5,1785.5,239.23,190.8,314.56,False,TECH_WIND_ONSHORE,27
pupuk-sriwidjaja-palembang,10.0,grid_connected_solar,0.097,4.24,90.5,1785.5,274.55,217.22,363.73,False,TECH_WIND_ONSHORE,27
pupuk-sriwidjaja-palembang,12.0,grid_connected_solar,0.097,4.24,90.5,1785.5,311.63,244.95,415.35,False,TECH_WIND_ONSHORE,27
pupuk-sriwidjaja-palembang,14.0,grid_connected_solar,0.097,4.24,90.5,1785.5,350.06,273.69,468.84,False,TECH_WIND_ONSHORE,27
pupuk-sriwidjaja-palembang,16.0,grid_connected_solar,0.097,4.24,90.5,1785.5,389.5,303.19,523.74,False,TECH_WIND_ONSHORE,27
pupuk-sriwidjaja-palembang,18.0,grid_connected_solar,0.097,4.24,90.5,1785.5,429.68,333.25,579.68,False,TECH_WIND_ONSHORE,27
pupuk-sriwidjaja-palembang,20.0,grid_connected_solar,0.097,4.24,90.5,1785.5,470.4,363.71,636.37,False,TECH_WIND_ONSHORE,27
petrokimia-gresik,4.0,within_boundary,0.0622,3.78,0.0,1650.0,258.86,208.28,337.53,False,TECH_WIND_ONSHORE,27
petrokimia-gresik,6.0,within_boundary,0.0622,3.78,0.0,1650.0,302.64,240.12,399.89,False,TECH_WIND_ONSHORE,27
petrokimia-gresik,8.0,within_boundary,0.0622,3.78,0.0,1650.0,350.34,274.81,467.82,False,TECH_WIND_ONSHORE,27
petrokimia-gresik,10.0,within_boundary,0.0622,3.78,0.0,1650.0,401.24,311.83,540.32,False,TECH_WIND_ONSHORE,27
petrokimia-gresik,12.0,within_boundary,0.0622,3.78,0.0,1650.0,454.68,350.7,616.43,False,TECH_WIND_ONSHORE,27
petrokimia-gresik,14.0,within_boundary,0.0622,3.78,0.0,1650.0,510.06,390.98,695.31,False,TECH_WIND_ONSHORE,27
petrokimia-gresik,16.0,within_boundary,0.0622,3.78,0.0,1650.0,566.9,432.31,776.26,False,TECH_WIND_ONSHORE,27
petrokimia-gresik,18.0,within_boundary,0.0622,3.78,0.0,1650.0,624.81,474.43,858.74,False,TECH_WIND_ONSHORE,27
petrokimia-gresik,20.0,within_boundary,0.0622,3.78,0.0,1650.0,683.5,517.11,942.32,False,TECH_WIND_ONSHORE,27
petrokimia-gresik,4.0,grid_connected_solar,0.1341,4.77,111.5,1806.5,128.22,104.76,164.71,False,TECH_WIND_ONSHORE,27
petrokimia-gresik,6.0,grid_connected_solar,0.1341,4.77,111.5,1806.5,150.46,121.46,195.56,False,TECH_WIND_ONSHORE,27
petrokimia-gresik,8.0,grid_connected_solar,0.1341,4.77,111.5,1806.5,174.68,139.65,229.17,False,TECH_WIND_ONSHORE,27
petrokimia-gresik,10.0,grid_connected_solar,0.1341,4.77,111.5,1806.5,200.53,159.06,265.04,False,TECH_WIND_ONSHORE,27
petrokimia-gresik,12.0,grid_connected_solar,0.1341,4.77,111.5,1806.5,227.66,179.43,302.69,False,TECH_WIND_ONSHORE,27
petrokimia-gresik,14.0,grid_connected_solar,0.1341,4.77,111.5,1806.5,255.79,200.55,341.71,False,TECH_WIND_ONSHORE,27
petrokimia-gresik,16.0,grid_connected_solar,0.1341,4.77,111.5,1806.5,284.65,222.22,381.76,False,TECH_WIND_ONSHORE,27
petrokimia-gresik,18.0,grid_connected_solar,0.1341,4.77,111.5,1806.5,314.06,244.31,422.56,False,TECH_WIND_ONSHORE,27
petrokimia-gresik,20.0,grid_connected_solar,0.1341,4.77,111.5,1806.5,343.86,266.69,463.91,False,TECH_WIND_ONSHORE,27
weda-bay-industrial-park,4.0,within_boundary,0.05,3.45,0.0,1650.0,322.02,259.1,419.89,False,TECH_WIND_ONSHORE,27
weda-bay-industrial-park,6.0,within_boundary,0.05,3.45,0.0,1650.0,376.48,298.71,497.46,False,TECH_WIND_ONSHORE,27
weda-bay-industrial-park,8.0,within_boundary,0.05,3.45,0.0,1650.0,435.82,341.87,581.97,False,TECH_WIND_ONSHORE,27
weda-bay-industrial-park,10.0,within_boundary,0.05,3.45,0.0,1650.0,499.14,387.92,672.16,False,TECH_WIND_ONSHORE,27
weda-bay-industrial-park,12.0,within_boundary,0.05,3.45,0.0,1650.0,565.62,436.27,766.84,False,TECH_WIND_ONSHORE,27
weda-bay-industrial-park,14.0,within_boundary,0.05,3.45,0.0,1650.0,634.52,486.37,864.96,False,TECH_WIND_ONSHORE,27
weda-bay-industrial-park,16.0,within_boundary,0.05,3.45,0.0,1650.0,705.23,537.8,965.67,False,TECH_WIND_ONSHORE,27
weda-bay-industrial-park,18.0,within_boundary,0.05,3.45,0.0,1650.0,777.27,590.19,1068.27,False,TECH_WIND_ONSHORE,27
weda-bay-industrial-park,20.0,within_boundary,0.05,3.45,0.0,1650.0,850.27,643.29,1172.25,False,TECH_WIND_ONSHORE,27
weda-bay-industrial-park,4.0,grid_connected_solar,0.1828,5.47,477.6,2172.6,108.06,90.85,134.83,False,TECH_WIND_ONSHORE,27
weda-bay-industrial-park,6.0,grid_connected_solar,0.1828,5.47,477.6,2172.6,127.68,106.41,160.77,False,TECH_WIND_ONSHORE,27
weda-bay-industrial-park,8.0,grid_connected_solar,0.1828,5.47,477.6,2172.6,149.05,123.35,189.02,False,TECH_WIND_ONSHORE,27
weda-bay-industrial-park,10.0,grid_connected_solar,0.1828,5.47,477.6,2172.6,171.85,141.43,219.18,False,TECH_WIND_ONSHORE,27
weda-bay-industrial-park,12.0,grid_connected_solar,0.1828,5.47,477.6,2172.6,195.8,160.41,250.83,False,TECH_WIND_ONSHORE,27
weda-bay-industrial-park,14.0,grid_connected_solar,0.1828,5.47,477.6,2172.6,220.61,180.09,283.64,False,TECH_WIND_ONSHORE,27
weda-bay-industrial-park,16.0,grid_connected_solar,0.1828,5.47,477.6,2172.6,246.07,200.28,317.31,False,TECH_WIND_ONSHORE,27
weda-bay-industrial-park,18.0,grid_connected_solar,0.1828,5.47,477.6,2172.6,272.02,220.85,351.62,False,TECH_WIND_ONSHORE,27
weda-bay-industrial-park,20.0,grid_connected_solar,0.1828,5.47,477.6,2172.6,298.31,241.7,386.38,False,TECH_WIND_ONSHORE,27
obi-island-nickel,4.0,within_boundary,0.0,1.96,0.0,1650.0,,,,False,TECH_WIND_ONSHORE,27
obi-island-nickel,6.0,within_boundary,0.0,1.96,0.0,1650.0,,,,False,TECH_WIND_ONSHORE,27
obi-island-nickel,8.0,within_boundary,0.0,1.96,0.0,1650.0,,,,False,TECH_WIND_ONSHORE,27
obi-island-nickel,10.0,within_boundary,0.0,1.96,0.0,1650.0,,,,False,TECH_WIND_ONSHORE,27
obi-island-nickel,12.0,within_boundary,0.0,1.96,0.0,1650.0,,,,False,TECH_WIND_ONSHORE,27
obi-island-nickel,14.0,within_boundary,0.0,1.96,0.0,1650.0,,,,False,TECH_WIND_ONSHORE,27
obi-island-nickel,16.0,within_boundary,0.0,1.96,0.0,1650.0,,,,False,TECH_WIND_ONSHORE,27
obi-island-nickel,18.0,within_boundary,0.0,1.96,0.0,1650.0,,,,False,TECH_WIND_ONSHORE,27
obi-island-nickel,20.0,within_boundary,0.0,1.96,0.0,1650.0,,,,False,TECH_WIND_ONSHORE,27
obi-island-nickel,4.0,grid_connected_solar,0.2574,7.12,1275.6,2970.6,98.42,86.2,117.43,False,TECH_WIND_ONSHORE,27
obi-island-nickel,6.0,grid_connected_solar,0.2574,7.12,1275.6,2970.6,117.47,102.36,140.97,False,TECH_WIND_ONSHORE,27
obi-island-nickel,8.0,grid_connected_solar,0.2574,7.12,1275.6,2970.6,138.22,119.97,166.61,False,TECH_WIND_ONSHORE,27
obi-island-nickel,10.0,grid_connected_solar,0.2574,7.12,1275.6,2970.6,160.36,138.76,193.97,False,TECH_WIND_ONSHORE,27
obi-island-nickel,12.0,grid_connected_solar,0.2574,7.12,1275.6,2970.6,183.61,158.48,222.7,False,TECH_WIND_ONSHORE,27
obi-island-nickel,14.0,grid_connected_solar,0.2574,7.12,1275.6,2970.6,207.71,178.93,252.47,False,TECH_WIND_ONSHORE,27
obi-island-nickel,16.0,grid_connected_solar,0.2574,7.12,1275.6,2970.6,232.43,199.91,283.03,False,TECH_WIND_ONSHORE,27
obi-island-nickel,18.0,grid_connected_solar,0.2574,7.12,1275.6,2970.6,257.63,221.29,314.16,False,TECH_WIND_ONSHORE,27
obi-island-nickel,20.0,grid_connected_solar,0.2574,7.12,1275.6,2970.6,283.16,242.95,345.7,False,TECH_WIND_ONSHORE,27
konawe-industrial-park,4.0,within_boundary,0.0,1.67,0.0,1650.0,,,,False,TECH_WIND_ONSHORE,27
konawe-industrial-park,6.0,within_boundary,0.0,1.67,0.0,1650.0,,,,False,TECH_WIND_ONSHORE,27
konawe-industrial-park,8.0,within_boundary,0.0,1.67,0.0,1650.0,,,,False,TECH_WIND_ONSHORE,27
konawe-industrial-park,10.0,within_boundary,0.0,1.67,0.0,1650.0,,,,False,TECH_WIND_ONSHORE,27
konawe-industrial-park,12.0,within_boundary,0.0,1.67,0.0,1650.0,,,,False,TECH_WIND_ONSHORE,27
konawe-industrial-park,14.0,within_boundary,0.0,1.67,0.0,1650.0,,,,False,TECH_WIND_ONSHORE,27
konawe-industrial-park,16.0,within_boundary,0.0,1.67,0.0,1650.0,,,,False,TECH_WIND_ONSHORE,27
konawe-industrial-park,18.0,within_boundary,0.0,1.67,0.0,1650.0,,,,False,TECH_WIND_ONSHORE,27
konawe-industrial-park,20.0,within_boundary,0.0,1.67,0.0,1650.0,,,,False,TECH_WIND_ONSHORE,27
konawe-industrial-park,4.0,grid_connected_solar,0.1781,5.4,268.7,1963.7,102.72,85.05,130.19,False,TECH_WIND_ONSHORE,27
konawe-industrial-park,6.0,grid_connected_solar,0.1781,5.4,268.7,1963.7,120.92,99.08,154.88,False,TECH_WIND_ONSHORE,27
konawe-industrial-park,8.0,grid_connected_solar,0.1781,5.4,268.7,1963.7,140.74,114.36,181.77,False,TECH_WIND_ONSHORE,27
konawe-industrial-park,10.0,grid_connected_solar,0.1781,5.4,268.7,1963.7,161.9,130.67,210.47,False,TECH_WIND_ONSHORE,27
konawe-industrial-park,12.0,grid_connected_solar,0.1781,5.4,268.7,1963.7,184.11,147.79,240.6,False,TECH_WIND_ONSHORE,27
konawe-industrial-park,14.0,grid_connected_solar,0.1781,5.4,268.7,1963.7,207.13,165.54,271.82,False,TECH_WIND_ONSHORE,27
konawe-industrial-park,16.0,grid_connected_solar,0.1781,5.4,268.7,1963.7,230.75,183.75,303.87,False,TECH_WIND_ONSHORE,27
konawe-industrial-park,18.0,grid_connected_solar,0.1781,5.4,268.7,1963.7,254.82,202.3,336.52,False,TECH_WIND_ONSHORE,27
konawe-industrial-park,20.0,grid_connected_solar,0.1781,5.4,268.7,1963.7,279.22,221.11,369.61,False,TECH_WIND_ONSHORE,27
